reddit_id,subreddit,corrected_label,url,title_compound,n_author_replies,n_community_comments,n_comments_total,author_mean_sentiment,community_mean_sentiment,sentiment_divergence,author_more_negative,author_trend,community_trend,author_volatility,community_volatility,author_early_late_shift,community_early_late_shift,trajectory_eligible,trajectory_notes
1o0nzld,comfyui,1,https://reddit.com/r/comfyui/comments/1o0nzld/after_update_doesnt_work_facedetailer/,0.0,2,2,4,-0.0963,0.3664,0.4627,True,0.1926,-0.8361,0.1926,0.8361,0.0,0.0,True,ok
1nwebdk,chrome,1,https://reddit.com/r/chrome/comments/1nwebdk/latest_version_1410739055_introduces_bug_to_auto/,0.0,1,3,4,0.1511,0.2961,0.145,True,0.0,-0.5195,0.0,0.5195,0.0,0.0,True,ok
1r2myps,immich,1,https://reddit.com/r/immich/comments/1r2myps/error_since_the_latest_update_working_well_on_web/,-0.1531,6,14,20,-0.0081,0.13,0.1381,True,-0.0902,0.0541,0.1262,0.2263,-0.2104,0.4256,True,ok
1nqixzh,chrome,1,https://reddit.com/r/chrome/comments/1nqixzh/my_chrome_randomly_freezes_every_after_a_few/,-0.0258,1,3,4,-0.0258,0.4118,0.4376,True,0.0,-0.7678,0.0,0.7678,0.0,0.0,True,ok
1nxqah6,chrome,0,https://reddit.com/r/chrome/comments/1nxqah6/the_borders_for_websites_are_turning_white/,0.0,2,2,4,-0.2231,0.1767,0.3998,True,1.3176,-1.1572,1.3176,1.1572,0.0,0.0,True,ok
1nwcima,immich,0,https://reddit.com/r/immich/comments/1nwcima/20_version_timeline/,0.0,2,5,7,0.5713,0.2069,0.3644,False,-0.0012,0.0246,0.0012,0.7393,0.0,-0.1069,True,ok
1nx29vh,Wordpress,0,https://reddit.com/r/Wordpress/comments/1nx29vh/wordpress_autoupdated_for_the_first_time_despite/,0.0,1,5,6,0.7267,0.6739,0.0528,False,0.0,-0.0151,0.0,0.3767,0.0,0.1199,True,ok
1qxbmsm,chrome,1,https://reddit.com/r/chrome/comments/1qxbmsm/anyone_else_unable_to_slidemoveorganize_tabs/,0.0644,1,4,5,0.0644,0.3683,0.3039,True,0.0,-0.1362,0.0,0.4911,0.0,-0.227,True,ok
1o16z1v,immich,1,https://reddit.com/r/immich/comments/1o16z1v/immich_server_in_container_manager_stopped/,-0.2263,2,3,5,0.443,0.0975,0.3455,False,-0.4334,0.1591,0.4334,0.1849,0.0,0.0,True,ok
1p9x65b,Android,1,https://reddit.com/r/Android/comments/1p9x65b/samsung_green_lines_issue_is_back_users_claim/,0.0,1,43,44,-0.5707,-0.0159,0.5548,True,0.0,-0.0013,0.0,0.4388,0.0,-0.0761,True,ok
1ou2bw0,Android,0,https://reddit.com/r/Android/comments/1ou2bw0/november_pixel_update_isnt_here_yet_but_verizon/,0.0,1,7,8,0.0,-0.0158,0.0158,False,0.0,0.1073,0.0,0.6331,0.0,0.4033,True,ok
1rjyz9q,Android,0,https://reddit.com/r/Android/comments/1rjyz9q/desktop_mode_arrives_with_the_latest_android_16/,0.0,1,23,24,0.0,0.007,0.007,True,0.0,-0.0214,0.0,0.2785,0.0,-0.1259,True,ok
1nze9rs,neovim,0,https://reddit.com/r/neovim/comments/1nze9rs/your_goto_plugin_store_just_got_an_upgrade/,0.4019,6,7,13,0.4871,0.6442,0.1571,True,-0.143,-0.0237,0.458,0.2414,-0.1739,-0.0519,True,ok
1nuo3on,immich,1,https://reddit.com/r/immich/comments/1nuo3on/unable_to_upgrade_to_the_latest_version_server/,0.0,3,4,7,-0.1547,0.4636,0.6183,True,0.7651,-0.1451,0.7651,0.5253,0.0,-0.0858,True,ok
1oum7kl,firefox,0,https://reddit.com/r/firefox/comments/1oum7kl/anybody_else_get_the_firefox_exe_directly_on_the/,0.0,1,5,6,0.0,0.3423,0.3423,True,0.0,-0.0042,0.0,0.2874,0.0,-0.0051,True,ok
1qfg43e,Android,0,https://reddit.com/r/Android/comments/1qfg43e/oneplus_13_gets_50mp_photo_editing_and_bypass/,0.4019,1,17,18,0.4019,0.2357,0.1662,False,0.0,0.028,0.0,0.4817,0.0,0.2489,True,ok
1qr98wd,Android,0,https://reddit.com/r/Android/comments/1qr98wd/android_16_is_on_75_of_devices_in_latest/,0.0,1,19,20,0.0,0.3247,0.3247,True,0.0,0.0226,0.0,0.4846,0.0,0.2033,True,ok
1ntcan7,MacOS,0,https://reddit.com/r/MacOS/comments/1ntcan7/is_it_supposed_to_be_this_way_or_just_bad_design/,-0.594,1,8,9,-0.6372,-0.3242,0.313,True,0.0,0.1232,0.0,0.4215,0.0,0.5399,True,ok
1p3x3cx,MicrosoftEdge,0,https://reddit.com/r/MicrosoftEdge/comments/1p3x3cx/most_recent_update_added_this_intrusive_toggle_on/,0.0,1,3,4,0.0,0.3482,0.3482,True,0.0,0.2263,0.0,0.5222,0.0,0.0,True,ok
1s52c8t,transformers,1,https://reddit.com/r/transformers/comments/1s52c8t/missing_link_ultra_magnus_might_be_one_of_my/,-0.3947,1,7,8,-0.3947,-0.0307,0.364,True,0.0,0.0977,0.0,0.4989,0.0,0.606,True,ok
1nw7zjt,google,0,https://reddit.com/r/google/comments/1nw7zjt/i_think_someone_maybe_pushed_a_bad_update/,-0.5423,1,4,5,-0.5423,0.2459,0.7882,True,0.0,0.0384,0.0,0.8262,0.0,-0.2718,True,ok
1pa0jle,NixOS,0,https://reddit.com/r/NixOS/comments/1pa0jle/it_seems_2511_is_already_past_beta_ive_been_on/,-0.296,1,6,7,-0.296,0.1141,0.4101,True,0.0,-0.0721,0.0,0.1383,0.0,-0.2295,True,ok
1qwo6w8,ios,0,https://reddit.com/r/ios/comments/1qwo6w8/appstore_unavailable_after_updated_to_ios_2621/,0.0,2,15,17,0.0,-0.0098,0.0098,False,0.0,0.0165,0.0,0.2802,0.0,0.0818,True,ok
1pe5qzj,Android,0,https://reddit.com/r/Android/comments/1pe5qzj/one_ui_85_calculator_app_gets_an_update_to/,0.0,1,3,4,0.0,0.1264,0.1264,True,0.0,-0.2662,0.0,0.4193,0.0,0.0,True,ok
1o0hdym,comfyui,0,https://reddit.com/r/comfyui/comments/1o0hdym/comfyui_0363_subgraph_publishing_selection/,0.0,1,3,4,0.9914,0.4694,0.522,False,0.0,0.0167,0.0,0.0368,0.0,0.0,True,ok
1of2cda,Android,0,https://reddit.com/r/Android/comments/1of2cda/nothing_os_40s_latest_beta_update_adds_optional/,0.0,1,63,64,0.0,-0.0012,0.0012,False,0.0,-0.0012,0.0,0.6363,0.0,-0.0211,True,ok
1oh4w4l,transformers,0,https://reddit.com/r/transformers/comments/1oh4w4l/prime_shelf_update/,0.0,3,10,13,0.0217,0.3476,0.3259,True,0.1806,-0.0434,0.4766,0.4983,0.0,-0.396,True,ok
1nubrx1,chrome,0,https://reddit.com/r/chrome/comments/1nubrx1/if_youve_got_tubeblock_remove_it/,0.0,5,5,10,-0.1406,-0.0905,0.0501,True,0.1892,-0.246,0.2994,0.5113,0.4317,-0.3381,True,ok
1pe31s2,comfyui,0,https://reddit.com/r/comfyui/comments/1pe31s2/qwen_edit_images_looking_like_this_since_updating/,0.3612,2,2,4,-0.2832,-0.0168,0.2664,True,-0.1137,1.3074,0.1137,1.3074,0.0,0.0,True,ok
1nx0u6s,kubernetes,0,https://reddit.com/r/kubernetes/comments/1nx0u6s/dev_kubernetes_cluster_in_offline_environment/,-0.128,1,3,4,0.2746,0.6488,0.3742,True,0.0,0.3348,0.0,0.3348,0.0,0.0,True,ok
1oi3veh,Fedora,1,https://reddit.com/r/Fedora/comments/1oi3veh/unable_to_update_to_fedora_43_if_you_have_wine/,0.0,1,8,9,0.0,-0.0285,0.0285,False,0.0,-0.035,0.0,0.404,0.0,-0.1365,True,ok
1nw56v4,Android,0,https://reddit.com/r/Android/comments/1nw56v4/the_galaxy_s26_series_probably_isnt_getting_a/,0.0,1,81,82,0.0,0.2275,0.2275,True,0.0,-0.0006,0.0,0.4963,0.0,-0.0241,True,ok
1r5lrzh,neovim,0,https://reddit.com/r/neovim/comments/1r5lrzh/minimax_updates_vimpack_on_neovim012_config_for/,0.0,2,9,11,0.8078,0.3806,0.4273,False,-0.0385,0.0224,0.0385,0.5718,0.0,-0.0534,True,ok
1nx7zdd,ansible,1,https://reddit.com/r/ansible/comments/1nx7zdd/ansiblepython_fork_issue_reoccurring_since_macos/,0.0,2,4,6,-0.1631,0.0901,0.2532,True,1.4734,-0.2568,1.4734,1.1714,0.0,-0.0484,True,ok
1nzlrg8,Android,0,https://reddit.com/r/Android/comments/1nzlrg8/tarun_vats_on_x_breaking_galaxy_s22_series/,0.0,1,11,12,0.0,0.0087,0.0087,True,0.0,-0.0487,0.0,0.2107,0.0,-0.2825,True,ok
1ry5cbn,MacOS,0,https://reddit.com/r/MacOS/comments/1ry5cbn/i_shouldnt_upgrade_should_i_do_i_just_skip_to_the/,0.0,1,2,3,0.1531,-0.2384,0.3915,False,0.0,0.4767,0.0,0.4767,0.0,0.0,True,ok
1nve86b,Android,0,https://reddit.com/r/Android/comments/1nve86b/more_consumers_are_upgrading_switching_to_galaxy/,0.0,1,26,27,0.0,0.2172,0.2172,True,0.0,0.0021,0.0,0.5402,0.0,0.0299,True,ok
1rj06fw,Android,0,https://reddit.com/r/Android/comments/1rj06fw/early_galaxy_s27_ultra_rumor_says_samsung_might/,0.0,1,80,81,0.0,0.119,0.119,True,0.0,-0.0015,0.0,0.4142,0.0,-0.0418,True,ok
1o0arcd,MacOS,0,https://reddit.com/r/MacOS/comments/1o0arcd/some_welcome_improvements_on_the_new_macos/,0.6486,1,3,4,0.7845,0.2847,0.4998,False,0.0,0.2037,0.0,1.3644,0.0,0.0,True,ok
1nubv0g,chrome,0,https://reddit.com/r/chrome/comments/1nubv0g/is_this_legitchrome_update/,0.0,3,4,7,0.0383,-0.0312,0.0695,False,-0.0231,-0.0929,1.3845,0.6191,0.0,-0.4643,True,ok
1noelxs,Wordpress,0,https://reddit.com/r/Wordpress/comments/1noelxs/upgrading_to_php_83_causing_pages_to_disappear/,-0.2263,1,4,5,-0.2263,0.1958,0.4221,True,0.0,-0.2884,0.0,0.4841,0.0,-0.7936,True,ok
1o0vrgp,immich,1,https://reddit.com/r/immich/comments/1o0vrgp/updated_to_1106_and_cannot_see_pictures_anymore/,0.0,1,11,12,0.0,0.3482,0.3482,True,0.0,0.0363,0.0,0.2706,0.0,0.4024,True,ok
1nwek0u,linux,0,https://reddit.com/r/linux/comments/1nwek0u/should_i_switch_from_windows_10_to_linux/,0.0,3,11,14,-0.0422,0.3725,0.4147,True,0.0417,0.0398,1.0186,0.5218,0.0,0.1901,True,ok
1pjzzxl,Android,0,https://reddit.com/r/Android/comments/1pjzzxl/google_pixel_10_performance_reportedly_jumps/,0.0,1,42,43,0.5574,0.096,0.4614,False,0.0,-0.003,0.0,0.5156,0.0,-0.0057,True,ok
1pf32mo,windows,1,https://reddit.com/r/windows/comments/1pf32mo/microsoft_wants_to_fix_app_updates_on_windows_11/,0.0,1,10,11,0.0,-0.018,0.018,False,0.0,-0.0643,0.0,0.639,0.0,-0.4962,True,ok
1o0mf1k,rustdesk,0,https://reddit.com/r/rustdesk/comments/1o0mf1k/updating_id/,0.0,3,3,6,0.524,0.1868,0.3372,False,0.2397,-0.2202,0.4825,0.2202,0.0,0.0,True,ok
1s3xn24,Android,0,https://reddit.com/r/Android/comments/1s3xn24/s22_ultra_vs_s23_ultra_vs_s24_ultra_vs_s25_ultra/,0.0,1,21,22,0.0,0.1524,0.1524,True,0.0,-0.0088,0.0,0.5284,0.0,-0.2745,True,ok
1nubblp,immich,0,https://reddit.com/r/immich/comments/1nubblp/migration_from_old_storage_configuration/,0.0,1,3,4,0.0,0.7279,0.7279,True,0.0,-0.1547,0.0,0.1877,0.0,0.0,True,ok
1qosy2r,Android,0,https://reddit.com/r/Android/comments/1qosy2r/googles_january_pixel_update_breaks_wifi_and/,0.0,1,42,43,0.0,-0.0088,0.0088,False,0.0,-0.0094,0.0,0.5299,0.0,-0.2224,True,ok
1nv9moy,ansible,0,https://reddit.com/r/ansible/comments/1nv9moy/delegate_to_localhost_gives_me_trouble/,-0.4019,1,7,8,0.782,0.3461,0.4359,False,0.0,-0.0062,0.0,0.5574,0.0,-0.0913,True,ok
1oetmbo,linux,1,https://reddit.com/r/linux/comments/1oetmbo/ubuntu_2510_unattended_upgrades_broken_due_to/,-0.4767,1,48,49,-0.4767,0.0867,0.5634,True,0.0,-0.005,0.0,0.5187,0.0,0.0736,True,ok
1okf2z9,Android,0,https://reddit.com/r/Android/comments/1okf2z9/galaxy_s22_phones_in_the_us_are_getting_their/,0.0,1,28,29,0.0,0.0493,0.0493,True,0.0,0.0075,0.0,0.4876,0.0,0.0999,True,ok
1qzzr7s,linux,0,https://reddit.com/r/linux/comments/1qzzr7s/castle_game_engine_upgrade_to_gtk_3/,0.0,1,4,5,0.0,0.4009,0.4009,True,0.0,-0.0156,0.0,0.5865,0.0,-0.0779,True,ok
1nwb2xm,typescript,0,https://reddit.com/r/typescript/comments/1nwb2xm/tsignore_is_almost_always_the_worst_option/,-0.5908,1,13,14,-0.5908,0.0575,0.6483,True,0.0,0.0176,0.0,0.5754,0.0,0.0812,True,ok
1otknz2,Bitcoin,0,https://reddit.com/r/Bitcoin/comments/1otknz2/cant_be_more_true/,-0.3713,1,4,5,0.0,0.4668,0.4668,True,0.0,0.0004,0.0,0.0352,0.0,0.0006,True,ok
1ridipg,godot,0,https://reddit.com/r/godot/comments/1ridipg/been_awhile_since_i_posted_an_update_about_the/,0.0,3,11,14,0.2915,0.2281,0.0634,False,0.4888,-0.0329,0.4888,0.8012,0.0,-0.3188,True,ok
1ov3lw7,Android,0,https://reddit.com/r/Android/comments/1ov3lw7/chromecast_with_google_tv_4k_gets_its_first_new/,0.34,1,10,11,0.34,0.1818,0.1582,False,0.0,-0.0482,0.0,0.5432,0.0,-0.1235,True,ok
1nwjxmb,linux,0,https://reddit.com/r/linux/comments/1nwjxmb/ladybird_browser_update_september_2025/,0.0,1,36,37,-0.6232,0.0001,0.6233,True,0.0,0.0102,0.0,0.774,0.0,0.15,True,ok
1piwkia,linux,0,https://reddit.com/r/linux/comments/1piwkia/is_there_a_compelling_reason_for_fedora_to/,0.3094,1,125,126,0.3094,0.1037,0.2057,False,0.0,0.0019,0.0,0.468,0.0,0.0992,True,ok
1oi8pv0,Fedora,0,https://reddit.com/r/Fedora/comments/1oi8pv0/how_do_i_upgrade_to_fedora_43/,0.0,1,8,9,0.296,0.1598,0.1362,False,0.0,0.057,0.0,0.2291,0.0,0.3197,True,ok
1ouqaca,Android,0,https://reddit.com/r/Android/comments/1ouqaca/galaxy_s26_ultra_could_get_big_upgrades_to_both/,0.0,1,11,12,0.0,0.2931,0.2931,True,0.0,-0.0316,0.0,0.2755,0.0,-0.142,True,ok
1s0pjwp,transformers,0,https://reddit.com/r/transformers/comments/1s0pjwp/what_do_you_guys_do_with_the_older_versions_after/,0.0,1,61,62,0.0,0.2667,0.2667,True,0.0,0.0012,0.0,0.5101,0.0,0.1237,True,ok
1pkuzvl,Android,0,https://reddit.com/r/Android/comments/1pkuzvl/googles_making_a_silly_and_annoying_change_to_how/,-0.3818,1,18,19,-0.3818,0.1106,0.4924,True,0.0,0.0041,0.0,0.5228,0.0,-0.0818,True,ok
1qjuc4c,Android,0,https://reddit.com/r/Android/comments/1qjuc4c/still_dont_have_the_pixel_january_2026_update/,0.2575,1,6,7,0.2575,0.0407,0.2168,False,0.0,-0.088,0.0,0.2037,0.0,-0.265,True,ok
1rlfl0h,Android,0,https://reddit.com/r/Android/comments/1rlfl0h/nothing_phone_4a_series_goes_official_with_major/,0.0,1,36,37,0.0,0.1446,0.1446,True,0.0,0.0009,0.0,0.4375,0.0,-0.0032,True,ok
1qqmkro,transformers,0,https://reddit.com/r/transformers/comments/1qqmkro/dna_design_dk80_haslab_omega_prime_upgrade_kit/,0.0,8,27,35,0.3617,0.1212,0.2405,False,0.0532,0.0031,0.5249,0.4881,0.2233,0.0516,True,ok
1pu0iv9,Android,0,https://reddit.com/r/Android/comments/1pu0iv9/fairphone_4_beta_update_accidentally_released_to/,-0.34,4,13,17,-0.0333,-0.0174,0.0159,True,-0.0691,0.012,0.3298,0.514,-0.036,0.0811,True,ok
1ojahew,linux,0,https://reddit.com/r/linux/comments/1ojahew/bazzite_fall_update_fedora_43_xbox_allies_legion/,0.0,1,5,6,0.946,0.2933,0.6527,False,0.0,0.234,0.0,0.6952,0.0,0.2822,True,ok
1p1gzjd,Android,0,https://reddit.com/r/Android/comments/1p1gzjd/pixel_phones_in_the_us_are_finally_getting_this/,0.0,1,15,16,0.296,0.0572,0.2388,False,0.0,0.0372,0.0,0.4156,0.0,0.4373,True,ok
1o08qdu,linux,0,https://reddit.com/r/linux/comments/1o08qdu/windows_10_refugee_here_i_want_to_change_to_linux/,0.0387,2,81,83,0.5443,0.4699,0.0744,False,-0.8882,-0.0008,0.8882,0.5047,0.0,-0.03,True,ok
1nzjypu,transformers,0,https://reddit.com/r/transformers/comments/1nzjypu/oc_combiner_wars_overlord/,-0.5574,2,10,12,-0.2339,0.489,0.7229,True,1.3854,-0.066,1.3854,0.4105,0.0,-0.4447,True,ok
1rz1h1v,neovim,0,https://reddit.com/r/neovim/comments/1rz1h1v/jellybeansnvim_update_two_new_theme_variants/,0.0,5,5,10,0.2991,0.276,0.0231,False,0.1136,0.1098,0.3786,0.4638,0.183,0.3118,True,ok
1o0sfq3,FastAPI,0,https://reddit.com/r/FastAPI/comments/1o0sfq3/postgresql_with_alembic_and_psycopg2_psycopg3_or/,0.0,3,4,7,0.9612,0.6832,0.278,False,-0.0091,-0.1049,0.011,0.7295,0.0,-0.5269,True,ok
1nxiv7z,comfyui,1,https://reddit.com/r/comfyui/comments/1nxiv7z/quick_update_fixed_the_chin_issue_instructions/,0.0,12,15,27,0.3488,0.2592,0.0895,False,0.0053,-0.042,0.5682,0.4474,-0.0684,-0.3434,True,ok
1nwug8e,neovim,0,https://reddit.com/r/neovim/comments/1nwug8e/does_it_matter_that_my_config_file_is_in_vimscript/,0.0258,2,15,17,0.123,0.236,0.113,True,1.3351,0.0094,1.3351,0.7487,0.0,0.0176,True,ok
1s4jjrg,transformers,0,https://reddit.com/r/transformers/comments/1s4jjrg/its_interesting_that_rhinox_and_waspinator_are/,0.4019,1,29,30,0.4019,0.1074,0.2945,False,0.0,-0.0055,0.0,0.4717,0.0,-0.1758,True,ok
1o2aon2,MicrosoftEdge,0,https://reddit.com/r/MicrosoftEdge/comments/1o2aon2/my_edge_randomly_my_search_engine_yandex_i_dont/,-0.0572,1,4,5,0.3595,-0.1649,0.5244,False,0.0,0.1979,0.0,0.2199,0.0,0.3298,True,ok
1pngt1r,MacOS,0,https://reddit.com/r/MacOS/comments/1pngt1r/so_sneaky_trying_to_trick_me_into_an_accidental/,-0.4005,1,31,32,-0.4005,-0.0402,0.3603,True,0.0,-0.003,0.0,0.4216,0.0,-0.1743,True,ok
1s1xuee,Ubiquiti,0,https://reddit.com/r/Ubiquiti/comments/1s1xuee/based_on_the_feedback_i_received_heres_the_new/,0.0,2,7,9,-0.0226,0.4826,0.5052,True,1.0986,-0.0804,1.0986,0.2474,0.0,-0.4054,True,ok
1ic38ep,OpenSSH,0,https://reddit.com/r/OpenSSH/comments/1ic38ep/openssh_support_for_certified_keys_in/,0.4019,3,2,5,0.3778,-0.3858,0.7636,False,-0.1612,0.339,0.8045,0.339,0.0,0.0,True,ok
1pbji46,Android,0,https://reddit.com/r/Android/comments/1pbji46/vivo_x300_ultra_tipped_to_surpass_vivo_x200_ultra/,0.0,1,6,7,0.0,0.241,0.241,True,0.0,-0.0721,0.0,0.2,0.0,-0.1583,True,ok
1nvo2fe,Wordpress,1,https://reddit.com/r/Wordpress/comments/1nvo2fe/elementor_issues_and_domain_transfer/,0.0,1,5,6,0.9134,0.3443,0.5691,False,0.0,-0.0704,0.0,0.3384,0.0,-0.3669,True,ok
1oh2ayf,transformers,0,https://reddit.com/r/transformers/comments/1oh2ayf/g1_shelf_update/,0.4824,4,6,10,0.5374,0.3919,0.1455,False,-0.2956,-0.0356,0.2986,0.5022,-0.5822,0.0767,True,ok
1pdqt20,transformers,0,https://reddit.com/r/transformers/comments/1pdqt20/blokees_beast_wars_blokees_ae_tarn_df_bruticus_gv/,-0.7111,7,10,17,0.1957,-0.23,0.4257,False,0.0718,0.0304,0.2446,0.4982,0.3425,0.2857,True,ok
1r2mu1q,transformers,0,https://reddit.com/r/transformers/comments/1r2mu1q/g1_backstreet_is_due_for_an_update/,0.5307,1,8,9,0.5307,0.1368,0.3939,False,0.0,0.0554,0.0,0.4473,0.0,0.3497,True,ok
1ofx26i,thrive,0,https://reddit.com/r/thrive/comments/1ofx26i/petition_to_call_this_the_geology_update/,0.0,2,2,4,0.3515,0.4979,0.1463,True,0.3472,-0.4037,0.3472,0.4037,0.0,0.0,True,ok
1qpbh7a,Bitcoin,0,https://reddit.com/r/Bitcoin/comments/1qpbh7a/dont_trust_verify/,0.0767,2,7,9,0.3335,0.1092,0.2242,False,-0.6669,0.0829,0.6669,0.18,0.0,0.2949,True,ok
1qz4z4c,Bitcoin,0,https://reddit.com/r/Bitcoin/comments/1qz4z4c/dont_trust_verify/,-0.4023,2,3,5,0.0,0.1468,0.1468,True,0.0,0.2202,0.0,0.2202,0.0,0.0,True,ok
1rkienz,linux,0,https://reddit.com/r/linux/comments/1rkienz/classic_90s_star_wars_games_become_playable_again/,-0.5574,2,15,17,0.2294,-0.087,0.3164,False,-0.4588,0.0104,0.4588,0.5495,0.0,-0.0397,True,ok
1qmuy4i,Bitcoin,0,https://reddit.com/r/Bitcoin/comments/1qmuy4i/true_or_false/,0.4215,1,67,68,0.4215,0.1212,0.3003,False,0.0,-0.0011,0.0,0.3067,0.0,-0.1103,True,ok
1pbhgz4,Android,0,https://reddit.com/r/Android/comments/1pbhgz4/hidden_code_reveals_samsung_phones_are_in_for_a/,0.0,1,9,10,0.0,0.2529,0.2529,True,0.0,-0.0301,0.0,0.4453,0.0,-0.016,True,ok
1r14hme,applehelp,0,https://reddit.com/r/applehelp/comments/1r14hme/13_pro_max_when_i_updated_my_iphone_to_ios_26_it/,-0.2755,1,2,3,0.1027,0.3397,0.237,True,0.0,0.6794,0.0,0.6794,0.0,0.0,True,ok
1qrykct,Android,0,https://reddit.com/r/Android/comments/1qrykct/motorola_is_getting_away_with_zero_os_updates/,0.4404,1,59,60,0.4404,0.1628,0.2776,False,0.0,-0.0014,0.0,0.6938,0.0,-0.075,True,ok
1nux0o3,neovim,0,https://reddit.com/r/neovim/comments/1nux0o3/endpointnvim_looking_for_feedback_framework/,0.0,3,6,9,0.4987,0.7132,0.2144,True,-0.0456,0.0289,0.062,0.2724,0.0,-0.027,True,ok
1nu6glg,immich,0,https://reddit.com/r/immich/comments/1nu6glg/ios_app_wont_show_content/,0.0,3,4,7,0.1615,0.3082,0.1467,True,0.4967,0.0469,0.4967,0.5674,0.0,0.2346,True,ok
1oe5t8b,microsoft,0,https://reddit.com/r/microsoft/comments/1oe5t8b/microsoft_prepares_major_windows_11_feature_drop/,-0.2732,1,34,35,0.5989,0.1104,0.4885,False,0.0,0.0004,0.0,0.6014,0.0,0.0348,True,ok
1nwqgvm,Wordpress,1,https://reddit.com/r/Wordpress/comments/1nwqgvm/cant_login_to_wordpress_website_anymore/,0.0,3,8,11,0.3054,0.1646,0.1408,False,0.3215,0.0914,0.6749,0.6189,0.0,0.137,True,ok
1ppl4nv,Bitcoin,1,https://reddit.com/r/Bitcoin/comments/1ppl4nv/cant_be_unseen/,0.0,1,111,112,-0.5472,0.1784,0.7256,True,0.0,0.0005,0.0,0.457,0.0,0.0313,True,ok
1osjdw3,transformers,0,https://reddit.com/r/transformers/comments/1osjdw3/i_couldnt_resist/,0.0,13,77,90,0.0054,0.1273,0.1219,True,0.0178,-0.0022,0.3487,0.3857,0.233,-0.0726,True,ok
1o279df,ruby,0,https://reddit.com/r/ruby/comments/1o279df/dear_rubyists_shopify_isnt_your_enemy/,-0.2263,1,50,51,-0.2263,0.2795,0.5058,True,0.0,-0.0023,0.0,0.6405,0.0,-0.0869,True,ok
1phvztr,transformers,0,https://reddit.com/r/transformers/comments/1phvztr/they_really_made_a_skeletonne_of_these_didnt_they/,0.0,1,50,51,0.0,0.1833,0.1833,True,0.0,0.0082,0.0,0.4563,0.0,0.1629,True,ok
1ozp5qj,angular,1,https://reddit.com/r/angular/comments/1ozp5qj/i_still_cant_get_used_to_it/,0.3612,1,10,11,0.3612,-0.0573,0.4185,False,0.0,0.0474,0.0,0.4423,0.0,0.2588,True,ok
1ov6q1j,Bitcoin,0,https://reddit.com/r/Bitcoin/comments/1ov6q1j/you_still_dont_have_enough_bitcoin/,0.0,1,25,26,0.0,0.1256,0.1256,True,0.0,-0.0104,0.0,0.3104,0.0,-0.1647,True,ok
1qvh12n,Bitcoin,0,https://reddit.com/r/Bitcoin/comments/1qvh12n/sometimes_i_dont/,0.0,1,20,21,0.0,0.0756,0.0756,True,0.0,0.0179,0.0,0.4348,0.0,0.1709,True,ok
1rllhyo,java,0,https://reddit.com/r/java/comments/1rllhyo/eclipse_glassfish_this_isnt_your_fathers_glassfish/,0.0,1,5,6,0.0,0.1346,0.1346,True,0.0,0.0888,0.0,0.5517,0.0,0.2244,True,ok
1r6965m,Nest,0,https://reddit.com/r/Nest/comments/1r6965m/keystone_usbc_jacks_arent_symmetrical/,0.0,4,10,14,-0.0123,-0.1449,0.1326,False,-0.0439,0.0854,0.6161,0.5268,-0.2384,0.3688,True,ok
1orjqw2,Bitcoin,1,https://reddit.com/r/Bitcoin/comments/1orjqw2/cant_argue/,0.2584,1,12,13,0.0,0.0703,0.0703,True,0.0,0.006,0.0,0.3109,0.0,0.0561,True,ok
1s20gwn,transformers,0,https://reddit.com/r/transformers/comments/1s20gwn/i_didnt_have_his_axe_so_i_made_my_own/,0.0762,5,6,11,0.3693,0.1224,0.2469,False,0.0696,0.083,0.304,0.6184,0.2484,0.6609,True,ok
1ohaa1n,Bitcoin,1,https://reddit.com/r/Bitcoin/comments/1ohaa1n/you_just_cant_unsee_it/,0.0,3,6,9,-0.1341,0.067,0.2011,True,0.2011,-0.0344,0.2011,0.1608,0.0,-0.134,True,ok
1p11i6r,Bitcoin,0,https://reddit.com/r/Bitcoin/comments/1p11i6r/if_you_dont_somebody_will/,0.0,1,4,5,0.0,0.0,0.0,False,0.0,0.0,0.0,0.0,0.0,0.0,True,ok
1o27asc,rails,0,https://reddit.com/r/rails/comments/1o27asc/dear_rubyists_shopify_isnt_your_enemy/,-0.2263,1,5,6,-0.2263,-0.161,0.0653,True,0.0,0.0483,0.0,0.2786,0.0,0.1587,True,ok
1p87dzf,linux,0,https://reddit.com/r/linux/comments/1p87dzf/a_new_version_of_cde_was_released/,0.0,1,13,14,0.4854,0.138,0.3474,False,0.0,-0.0309,0.0,0.5187,0.0,-0.3879,True,ok
1nwax05,Nest,0,https://reddit.com/r/Nest/comments/1nwax05/upgraded_from_2nd_gen_wired_dorbell_to_3rd_gen/,0.0,5,10,15,0.4828,0.6303,0.1476,True,-0.1326,-0.0624,0.4089,0.2689,-0.6397,-0.3083,True,ok
1op2x91,Bitcoin,0,https://reddit.com/r/Bitcoin/comments/1op2x91/5_years_ago_today/,0.0,1,17,18,0.0,0.1419,0.1419,True,0.0,0.0122,0.0,0.3886,0.0,0.0458,True,ok
1nwg7xp,immich,0,https://reddit.com/r/immich/comments/1nwg7xp/stable_watchtower/,0.296,1,7,8,0.8559,0.1094,0.7465,False,0.0,-0.0232,0.0,0.1541,0.0,-0.0446,True,ok
1qlpwkg,transformers,0,https://reddit.com/r/transformers/comments/1qlpwkg/updated_aotp_and_studio_series_wave_3_listings/,0.0,2,38,40,0.0,0.0513,0.0513,True,0.0,-0.0026,0.0,0.4354,0.0,-0.147,True,ok
1r356c5,Ubuntu,0,https://reddit.com/r/Ubuntu/comments/1r356c5/why_were_saying_goodbye_to_software_updates/,0.0,1,3,4,0.0,0.2374,0.2374,True,0.0,0.1591,0.0,0.2348,0.0,0.0,True,ok
1oz5675,Android,0,https://reddit.com/r/Android/comments/1oz5675/uninstalling_google_play_system_updates_is/,0.34,1,12,13,0.34,-0.1731,0.5131,False,0.0,-0.0249,0.0,0.3081,0.0,-0.1258,True,ok
1oj882q,Bazzite,0,https://reddit.com/r/Bazzite/comments/1oj882q/bazzite_fall_update_fedora_43_xbox_allies_legion/,0.0,1,13,14,0.0,0.361,0.361,True,0.0,-0.0336,0.0,0.5138,0.0,-0.0969,True,ok
1rifybi,Android,0,https://reddit.com/r/Android/comments/1rifybi/sony_xm6_vs_xm5_earbuds_worth_the_330_upgrade/,0.2263,1,15,16,0.2263,0.3844,0.1581,True,0.0,0.0308,0.0,0.6491,0.0,0.1242,True,ok
1s4c40x,transformers,0,https://reddit.com/r/transformers/comments/1s4c40x/dna_upgrade_kit_for_alpha_trion/,0.0,1,14,15,0.0,0.2175,0.2175,True,0.0,0.002,0.0,0.4862,0.0,-0.0497,True,ok
1pq9uhp,Bitcoin,0,https://reddit.com/r/Bitcoin/comments/1pq9uhp/could_be_chocolate_bar_yaknow/,0.0,4,22,26,-0.0346,0.1533,0.1879,True,-0.1491,0.0162,0.4305,0.3739,-0.4074,0.1499,True,ok
1nq6kr4,chrome,0,https://reddit.com/r/chrome/comments/1nq6kr4/i_hate_chrome_and_windows_and_youtube/,-0.5719,1,4,5,-0.5719,-0.054,0.5179,True,0.0,0.1999,0.0,0.6592,0.0,0.2681,True,ok
1s078k7,Fedora,0,https://reddit.com/r/Fedora/comments/1s078k7/my_desktop_with_xfce_and_chicago95/,0.0,2,2,4,0.148,0.4204,0.2724,True,-0.296,0.037,0.296,0.037,0.0,0.0,True,ok
1ov9c2u,Android,0,https://reddit.com/r/Android/comments/1ov9c2u/citron_nintendo_switch_emulator_for_android_gets/,0.4404,1,9,10,0.7579,0.2489,0.509,False,0.0,-0.0116,0.0,0.2936,0.0,-0.0462,True,ok
1pd74y8,linux,1,https://reddit.com/r/linux/comments/1pd74y8/xorg_servers_xkbcomp_updated_for_four_security/,0.34,1,13,14,0.1154,-0.1986,0.314,False,0.0,0.0572,0.0,0.5041,0.0,0.5615,True,ok
1pmrrxj,Android,0,https://reddit.com/r/Android/comments/1pmrrxj/android_16s_desktop_mode_is_awesome_includes_qpr2/,0.7034,1,30,31,0.2105,0.277,0.0665,True,0.0,0.007,0.0,0.6455,0.0,0.1471,True,ok
1nwb9xv,rust,0,https://reddit.com/r/rust/comments/1nwb9xv/zluda_update_q3_2025_zluda_5_is_here/,0.0,1,4,5,0.0,-0.0209,0.0209,False,0.0,-0.1356,0.0,0.374,0.0,-0.36,True,ok
1pj5f4c,rust,0,https://reddit.com/r/rust/comments/1pj5f4c/leadership_council_update_december_2025/,0.0,1,3,4,0.0,-0.0219,0.0219,False,0.0,-0.2384,0.0,0.7807,0.0,0.0,True,ok
1s3ih7q,ios,0,https://reddit.com/r/ios/comments/1s3ih7q/apple_urges_iphone_users_to_update_as_new/,0.0,1,30,31,0.0,0.0508,0.0508,True,0.0,-0.0117,0.0,0.5233,0.0,-0.139,True,ok
1q8gl2v,Android,0,https://reddit.com/r/Android/comments/1q8gl2v/bixby_to_get_a_major_ai_upgrade_with_one_ui_85/,0.0,1,12,13,0.0,0.0705,0.0705,True,0.0,-0.0364,0.0,0.4459,0.0,-0.3135,True,ok
1nw1qeq,neovim,0,https://reddit.com/r/neovim/comments/1nw1qeq/whats_your_preferred_installation_method_old/,-0.168,3,21,24,0.6919,0.311,0.3809,False,-0.0767,-0.0078,0.5605,0.455,0.0,-0.1186,True,ok
1noj307,cms,0,https://reddit.com/r/cms/comments/1noj307/mcp_servers_for_cms_this_changes_everything/,0.0,3,7,10,0.8267,0.3466,0.4801,False,-0.1949,0.0175,0.1949,0.5887,0.0,-0.1719,True,ok
1pch8er,Android,0,https://reddit.com/r/Android/comments/1pch8er/googles_second_big_android_16_update_is_rolling/,0.0,3,75,78,0.491,0.1288,0.3622,False,-0.0665,-0.0006,0.1949,0.5274,0.0,-0.06,True,ok
1ogzvy5,Android,0,https://reddit.com/r/Android/comments/1ogzvy5/google_is_working_on_another_huge_multitasking/,0.3182,3,45,48,0.4782,0.2042,0.274,False,0.1153,-0.0013,0.1153,0.518,0.0,-0.1071,True,ok
1nq718r,chrome,0,https://reddit.com/r/chrome/comments/1nq718r/i_somehow_broke_my_chrome/,-0.4753,2,3,5,0.0,0.5079,0.5079,True,0.0,-0.3384,0.0,0.3521,0.0,0.0,True,ok
1rkt8hn,transformers,0,https://reddit.com/r/transformers/comments/1rkt8hn/important_updates_from_jtprime17/,0.2023,1,27,28,0.2023,0.2768,0.0745,True,0.0,-0.0076,0.0,0.3759,0.0,-0.2043,True,ok
1ow2buk,Android,0,https://reddit.com/r/Android/comments/1ow2buk/shield_tv_gets_another_surprise_update_to_922/,0.2732,1,25,26,0.2732,0.1986,0.0746,False,0.0,-0.0075,0.0,0.5729,0.0,-0.0947,True,ok
1oudsi3,union,0,https://reddit.com/r/union/comments/1oudsi3/update_on_the_rockstar_union_busting_situation/,0.0,2,3,5,0.6964,-0.0932,0.7895,False,0.3393,0.0386,0.3393,0.1637,0.0,0.0,True,ok
1nxx55q,thrive,0,https://reddit.com/r/thrive/comments/1nxx55q/thrive_progress_update_100425/,0.4215,1,4,5,0.4215,0.1867,0.2347,False,0.0,-0.5027,0.0,0.502,0.0,-1.0076,True,ok
1ng1kyr,thrive,0,https://reddit.com/r/thrive/comments/1ng1kyr/thrive_progress_update_91325/,0.4215,1,3,4,0.4215,0.5431,0.1216,True,0.0,0.0439,0.0,0.8146,0.0,0.0,True,ok
1o0not3,transformers,0,https://reddit.com/r/transformers/comments/1o0not3/rid15_wasnt_a_bad_show_it_just_wasnt_a_good_prime/,0.1139,1,36,37,0.1139,0.0425,0.0714,False,0.0,0.0109,0.0,0.8865,0.0,0.2813,True,ok
1pd2vtj,Android,0,https://reddit.com/r/Android/comments/1pd2vtj/android_16_qpr2_huge_update_top_new_features/,0.5255,6,8,14,0.4077,0.2753,0.1323,False,0.1151,0.028,0.6265,0.7723,0.4278,-0.0214,True,ok
1oualms,linux,1,https://reddit.com/r/linux/comments/1oualms/firefox_1450_see_all_new_features_updates_and/,0.0,1,34,35,0.0,0.2178,0.2178,True,0.0,-0.0092,0.0,0.4227,0.0,-0.2,True,ok
1s2d096,firefox,1,https://reddit.com/r/firefox/comments/1s2d096/firefox_1490_see_all_new_features_updates_and/,0.0,1,74,75,0.0,0.2129,0.2129,True,0.0,0.0014,0.0,0.5207,0.0,0.0372,True,ok
1oualta,firefox,1,https://reddit.com/r/firefox/comments/1oualta/firefox_1450_see_all_new_features_updates_and/,0.0,1,55,56,0.0,0.2441,0.2441,True,0.0,-0.0021,0.0,0.4962,0.0,-0.0357,True,ok
1s3krfu,homeassistant,0,https://reddit.com/r/homeassistant/comments/1s3krfu/20264_beta_update/,0.0,1,56,57,0.0,0.3729,0.3729,True,0.0,0.0014,0.0,0.5424,0.0,0.061,True,ok
1r0e16k,applehelp,0,https://reddit.com/r/applehelp/comments/1r0e16k/why_is_my_microphone_showing_on_and_the_orange/,0.1406,2,2,4,0.0,-0.0693,0.0693,False,0.0,-0.9022,0.0,0.9022,0.0,0.0,True,ok
1r1wg6j,applehelp,1,https://reddit.com/r/applehelp/comments/1r1wg6j/just_did_ios_2621_software_update_on_my_iphone_16/,0.0,1,4,5,0.4019,-0.147,0.5489,False,0.0,-0.0433,0.0,0.3404,0.0,-0.2167,True,ok
1nu8jf9,chrome,1,https://reddit.com/r/chrome/comments/1nu8jf9/omg_guys_please_someone_helpi_can_not_even_log/,-0.1967,2,2,4,0.0723,0.4819,0.4096,True,-0.8635,-0.9637,0.8635,0.9637,0.0,0.0,True,ok
1nxcbv9,react,0,https://reddit.com/r/react/comments/1nxcbv9/activity_in_react_192/,0.0,1,26,27,0.8105,0.2724,0.5381,False,0.0,0.0032,0.0,0.4732,0.0,-0.084,True,ok
1otu2rz,Android,0,https://reddit.com/r/Android/comments/1otu2rz/google_play_store_update_makes_it_super_easy_to/,0.8481,1,6,7,0.8481,0.0886,0.7595,False,0.0,-0.1457,0.0,0.682,0.0,-0.4158,True,ok
1s3lmhv,vscode,0,https://reddit.com/r/vscode/comments/1s3lmhv/github_will_now_use_data_sent_to_copilot_for/,0.0,1,5,6,-0.7096,0.1446,0.8542,True,0.0,-0.0567,0.0,0.4254,0.0,0.0525,True,ok
1qzew1k,godot,0,https://reddit.com/r/godot/comments/1qzew1k/bestiary_layout_update/,0.0,2,9,11,0.5362,0.6303,0.0941,True,-0.2686,0.0544,0.2686,0.2984,0.0,0.2766,True,ok
1osqjus,godot,1,https://reddit.com/r/godot/comments/1osqjus/godots_shader_preview_punishing_bad_code_crashing/,-0.7964,1,25,26,0.6249,-0.1043,0.7292,False,0.0,0.0097,0.0,0.6588,0.0,-0.0604,True,ok
1s4gwva,chrome,0,https://reddit.com/r/chrome/comments/1s4gwva/you_can_no_longer_swipe_the_search_bar_with_your/,-0.296,1,2,3,0.0,-0.148,0.148,False,0.0,-0.296,0.0,0.296,0.0,0.0,True,ok
1rlq4xg,homeassistant,0,https://reddit.com/r/homeassistant/comments/1rlq4xg/liquid_glass_and_visionos_theme_updated_for_ha/,0.4824,2,22,24,0.4481,0.1741,0.274,False,-0.8962,0.0149,0.8962,0.6554,0.0,0.3281,True,ok
1qof4q5,firefox,1,https://reddit.com/r/firefox/comments/1qof4q5/firefox_14702_see_all_new_features_updates_and/,0.0,1,30,31,0.0,0.0658,0.0658,True,0.0,-0.0083,0.0,0.4112,0.0,-0.1846,True,ok
1oiao86,firefox,1,https://reddit.com/r/firefox/comments/1oiao86/firefox_14402_see_all_new_features_updates_and/,0.0,1,16,17,0.0,0.0771,0.0771,True,0.0,-0.0197,0.0,0.4017,0.0,0.0862,True,ok
1nrapsb,comfyui,0,https://reddit.com/r/comfyui/comments/1nrapsb/is_it_worth_upgrading_my_whole_desktop_or_just/,0.2263,1,19,20,0.2263,-0.0005,0.2268,False,0.0,-0.0152,0.0,0.4035,0.0,-0.1447,True,ok
1q1jj3i,rust,0,https://reddit.com/r/rust/comments/1q1jj3i/rust9x_updated_to_193_compile_rust_apps_for_win/,0.6239,1,2,3,0.0,0.4137,0.4137,True,0.0,0.8274,0.0,0.8274,0.0,0.0,True,ok
1oojgia,Android,0,https://reddit.com/r/Android/comments/1oojgia/sony_xperia_10_vii_is_now_receiving_the_android/,0.0,1,4,5,0.0,-0.1927,0.1927,False,0.0,0.4132,0.0,0.8926,0.0,0.5029,True,ok
1qlmb9g,Android,0,https://reddit.com/r/Android/comments/1qlmb9g/oneplus_can_now_permanently_destroy_your_phone/,-0.5423,1,78,79,-0.5423,0.0623,0.6046,True,0.0,0.0009,0.0,0.5085,0.0,-0.0074,True,ok
1qq2aze,chrome,0,https://reddit.com/r/chrome/comments/1qq2aze/google_chrome_update_brings_gemini_ai_integration/,0.0,1,8,9,0.0,0.0327,0.0327,True,0.0,-0.0046,0.0,0.5547,0.0,-0.0788,True,ok
1qqid3e,Android,0,https://reddit.com/r/Android/comments/1qqid3e/google_gives_pixel_tablet_another_two_years_of/,0.0,1,40,41,0.0,0.2744,0.2744,True,0.0,0.0152,0.0,0.4386,0.0,0.2665,True,ok
1okggsd,Android,0,https://reddit.com/r/Android/comments/1okggsd/nova_launcher_gets_surprise_update_following_last/,0.1406,1,72,73,0.1406,0.1801,0.0395,True,0.0,-0.0048,0.0,0.4289,0.0,-0.2187,True,ok
1o1g48g,PHP,0,https://reddit.com/r/PHP/comments/1o1g48g/an_update_on_the_doctrine_orm_2_end_of_life/,0.0,1,13,14,0.0,-0.1149,0.1149,False,0.0,-0.0407,0.0,0.4631,0.0,-0.1239,True,ok
1rgvmaj,linux,0,https://reddit.com/r/linux/comments/1rgvmaj/beware_of_6194_nftables_regression_can_render/,0.0,1,5,6,-0.3359,0.1778,0.5137,True,0.0,0.0597,0.0,0.2119,0.0,0.2963,True,ok
1pische,Bitcoin,0,https://reddit.com/r/Bitcoin/comments/1pische/my_posted_meme_to_this_community_from_six_years/,0.3818,1,6,7,0.6486,0.1326,0.516,False,0.0,-0.0139,0.0,0.3182,0.0,-0.2137,True,ok
1oholmk,Android,0,https://reddit.com/r/Android/comments/1oholmk/original_pixel_watch_gets_october_2025_update/,0.3182,1,4,5,0.3182,0.4747,0.1565,True,0.0,-0.1055,0.0,0.5508,0.0,0.01,True,ok
1qi4tgl,Android,0,https://reddit.com/r/Android/comments/1qi4tgl/nova_launcher_an_update_instabridge_swedish/,0.0,1,69,70,0.5106,0.1657,0.3449,False,0.0,-0.0011,0.0,0.4956,0.0,-0.1435,True,ok
1ry4vuz,transformers,0,https://reddit.com/r/transformers/comments/1ry4vuz/update_blokees_transformers_championclassic_class/,0.0,1,6,7,0.0,0.1528,0.1528,True,0.0,-0.028,0.0,0.4332,0.0,-0.0085,True,ok
1pnsxp1,transformers,0,https://reddit.com/r/transformers/comments/1pnsxp1/dna_design_upgrade_kit_for_ss86_megatron_first/,0.0,1,14,15,0.0,0.297,0.297,True,0.0,-0.0332,0.0,0.3769,0.0,-0.1463,True,ok
1petq95,windows,0,https://reddit.com/r/windows/comments/1petq95/after_30_years_microsoft_is_redesigning_the_run/,0.0,1,73,74,0.0,0.0544,0.0544,True,0.0,-0.0012,0.0,0.4632,0.0,-0.0713,True,ok
1rkqbx4,chrome,1,https://reddit.com/r/chrome/comments/1rkqbx4/find_in_page_issue_is_this_happening_for_anyone/,0.0,2,3,5,-0.148,0.5293,0.6773,True,-0.296,-0.3991,0.296,0.3991,0.0,0.0,True,ok
1q2vxs7,godot,0,https://reddit.com/r/godot/comments/1q2vxs7/true/,0.4215,1,21,22,0.6597,0.0479,0.6118,False,0.0,-0.0312,0.0,0.5908,0.0,-0.2884,True,ok
1pqr5xu,transformers,0,https://reddit.com/r/transformers/comments/1pqr5xu/the_rumors_are_true/,0.4215,1,28,29,0.4215,0.1587,0.2628,False,0.0,-0.0079,0.0,0.4875,0.0,-0.1198,True,ok
1oqw3rs,Bitcoin,0,https://reddit.com/r/Bitcoin/comments/1oqw3rs/true/,0.4215,1,12,13,0.4215,0.1171,0.3044,False,0.0,-0.0116,0.0,0.5234,0.0,0.0586,True,ok
1pnb4t7,transformers,0,https://reddit.com/r/transformers/comments/1pnb4t7/holy_scrap_the_legends_are_true/,0.4753,2,8,10,0.1591,0.2184,0.0593,True,0.3182,-0.0807,0.3182,0.4813,0.0,-0.4976,True,ok
1p8znwx,Bitcoin,0,https://reddit.com/r/Bitcoin/comments/1p8znwx/true_hahaha/,0.7506,1,9,10,0.7506,0.284,0.4666,False,0.0,-0.0391,0.0,0.4269,0.0,0.0602,True,ok
1orufxn,Bitcoin,0,https://reddit.com/r/Bitcoin/comments/1orufxn/true/,0.4215,1,4,5,0.0,0.3032,0.3032,True,0.0,0.0903,0.0,0.4481,0.0,0.256,True,ok
1pp9s46,linux,0,https://reddit.com/r/linux/comments/1pp9s46/wine_developers_has_removed_so_much_bloat_in_the/,0.5267,1,15,16,0.0,0.1123,0.1123,True,0.0,-0.0046,0.0,0.3563,0.0,-0.0029,True,ok
1q4kplr,MicrosoftEdge,0,https://reddit.com/r/MicrosoftEdge/comments/1q4kplr/edge_turns_on_background_image_on_new_tabs_page/,0.0,1,4,5,0.0,0.0,0.0,False,0.0,0.0,0.0,0.0,0.0,0.0,True,ok
1ovc3af,transformers,0,https://reddit.com/r/transformers/comments/1ovc3af/skybound_26_this_cant_end_well/,0.2732,1,13,14,0.0,0.0169,0.0169,True,0.0,0.0031,0.0,0.2135,0.0,-0.0804,True,ok
1nzjcnc,transformers,0,https://reddit.com/r/transformers/comments/1nzjcnc/mtmte_optimus_prime_megatron_pics/,0.0,6,10,16,0.4868,0.4557,0.0311,False,0.1277,-0.0453,0.3528,0.505,0.6036,-0.2923,True,ok
1qmk1ih,comfyui,1,https://reddit.com/r/comfyui/comments/1qmk1ih/who_is_the_culprit_here_pic_shows_all_the/,0.1431,1,2,3,0.936,-0.313,1.249,False,0.0,-0.2701,0.0,0.2701,0.0,0.0,True,ok
1p7w18p,Bitcoin,0,https://reddit.com/r/Bitcoin/comments/1p7w18p/my_mental_state_right_now/,0.0,1,7,8,0.7096,0.3654,0.3442,False,0.0,-0.0635,0.0,0.3451,0.0,-0.2047,True,ok
1ose42w,chrome,1,https://reddit.com/r/chrome/comments/1ose42w/my_google_account_keeps_logging_out_multiple/,0.0,1,2,3,0.0,0.753,0.753,True,0.0,-0.4214,0.0,0.4214,0.0,0.0,True,ok
1pewpho,Android,0,https://reddit.com/r/Android/comments/1pewpho/mobvoi_commits_to_essential_ticwatch_updates_as/,-0.6369,1,11,12,0.2263,-0.0527,0.279,False,0.0,0.1019,0.0,0.4408,0.0,0.469,True,ok
1qosb78,Android,0,https://reddit.com/r/Android/comments/1qosb78/androids_full_desktop_interface_leaks_new_status/,0.0,1,27,28,0.0,0.1943,0.1943,True,0.0,-0.0011,0.0,0.4237,0.0,-0.1049,True,ok
1pmpja4,rust,0,https://reddit.com/r/rust/comments/1pmpja4/building_secure_ota_updates_for_esp32_over_ble/,0.34,1,2,3,0.4019,0.2288,0.1731,False,0.0,0.4576,0.0,0.4576,0.0,0.0,True,ok
1ocwbao,angular,0,https://reddit.com/r/angular/comments/1ocwbao/fyi_if_you_havent_gone_to_the_angulardev_docs/,0.824,2,4,6,0.3352,0.3471,0.0119,True,0.6705,-0.1413,0.6705,0.4628,0.0,-0.2354,True,ok
1novinr,transformers,0,https://reddit.com/r/transformers/comments/1novinr/45_photo_set_up_instantly_upgraded_my_photos/,0.0,1,5,6,0.5399,0.1653,0.3746,False,0.0,-0.109,0.0,0.6446,0.0,-0.5563,True,ok
1nwaf2t,Nest,0,https://reddit.com/r/Nest/comments/1nwaf2t/upgraded_from_nest_hello_to_nest_doorbell_3rd_gen/,0.0,5,32,37,0.4163,0.198,0.2183,False,-0.1149,-0.002,0.3552,0.486,-0.4272,-0.0643,True,ok
1ryessh,linux,0,https://reddit.com/r/linux/comments/1ryessh/update_regarding_systemds_addition_of_age_to/,0.0,1,91,92,0.0,-0.093,0.093,False,0.0,0.0012,0.0,0.5188,0.0,0.0862,True,ok
1nqabbo,transformers,1,https://reddit.com/r/transformers/comments/1nqabbo/now_kiss_uhhh_lord_megatron_what_is_it_shockwave/,0.5621,1,5,6,0.0,-0.0816,0.0816,False,0.0,-0.1132,0.0,0.4715,0.0,-0.3045,True,ok
1npz15e,transformers,0,https://reddit.com/r/transformers/comments/1npz15e/they_didnt_have_that_trademarked_dang/,0.0,1,6,7,0.0,0.1008,0.1008,True,0.0,-0.091,0.0,1.0088,0.0,-0.1585,True,ok
1pqs14w,Android,0,https://reddit.com/r/Android/comments/1pqs14w/heres_an_update_on_our_work_to_upgrade_mobile/,0.0,1,11,12,0.0,-0.02,0.02,False,0.0,-0.0336,0.0,0.5063,0.0,-0.292,True,ok
1nug3bb,linux,0,https://reddit.com/r/linux/comments/1nug3bb/pywal16_put_a_copypasta_based_on_a_transphobic/,0.0,1,42,43,0.0,-0.0238,0.0238,False,0.0,0.0042,0.0,0.6938,0.0,0.1335,True,ok
1owmz9e,transformers,0,https://reddit.com/r/transformers/comments/1owmz9e/have_you_ever_had_some_figures_or_a_set_of/,0.0772,1,19,20,0.0772,0.1657,0.0885,True,0.0,-0.0132,0.0,0.8305,0.0,-0.1138,True,ok
1ns5wut,kubernetes,0,https://reddit.com/r/kubernetes/comments/1ns5wut/how_to_handle_pvs_during_cluster_upgrades/,0.0,2,4,6,0.2772,-0.1562,0.4334,False,0.1256,-0.4516,0.1256,0.4839,0.0,-0.8064,True,ok
1ow2bg4,Android,0,https://reddit.com/r/Android/comments/1ow2bg4/vivo_x500_series_tipped_to_get_massive_7000mah/,0.0,1,7,8,0.0,-0.0278,0.0278,False,0.0,-0.0777,0.0,0.4539,0.0,-0.1352,True,ok
1qykwcg,Nest,0,https://reddit.com/r/Nest/comments/1qykwcg/does_my_house_built_20_years_ago_compatible_with/,0.0,1,5,6,0.0,-0.0246,0.0246,False,0.0,0.0186,0.0,0.6845,0.0,-0.041,True,ok
1nwi6qc,chrome,0,https://reddit.com/r/chrome/comments/1nwi6qc/chrome_removed_windows11micatitlebar_from/,0.0,2,4,6,0.3398,-0.0378,0.3776,False,-0.6797,0.0453,0.6797,0.0504,0.0,0.0756,True,ok
1ntlsfy,chrome,0,https://reddit.com/r/chrome/comments/1ntlsfy/how_to_recover_deleted_chrome_tabs/,0.0,1,3,4,0.0943,0.3121,0.2178,True,0.0,-0.8546,0.0,0.8545,0.0,0.0,True,ok
1nmx4fv,microsoft,0,https://reddit.com/r/microsoft/comments/1nmx4fv/microsofts_pivotal_windows_nt_35_release_made_it/,0.0516,1,5,6,0.9973,0.6315,0.3658,False,0.0,0.0619,0.0,0.2815,0.0,0.1515,True,ok
1nogcov,google,0,https://reddit.com/r/google/comments/1nogcov/google_verify_always_uses_the_first_number/,0.0772,1,2,3,0.7127,0.4686,0.2441,False,0.0,0.6309,0.0,0.6309,0.0,0.0,True,ok
1n4bo7c,bun,1,https://reddit.com/r/bun/comments/1n4bo7c/ai_overviews_will_never_fail_to_amaze_me/,0.0,3,7,10,0.0,0.1625,0.1625,True,0.0,0.0496,0.0,0.2671,0.0,0.0064,True,ok
1s4927w,HomeNetworking,1,https://reddit.com/r/HomeNetworking/comments/1s4927w/if_aint_broke_dont_fix_it/,-0.4215,1,24,25,-0.4215,0.0081,0.4296,True,0.0,-0.0047,0.0,0.408,0.0,0.0253,True,ok
1nx30l4,vscode,1,https://reddit.com/r/vscode/comments/1nx30l4/i_am_crashing_out/,0.0,4,10,14,0.1922,-0.1124,0.3045,False,0.0139,-0.0663,0.7469,0.3463,0.3499,-0.5934,True,ok
1r2523u,Android,0,https://reddit.com/r/Android/comments/1r2523u/android_17_beta_1_is_here_with_major_updates_for/,0.0,1,29,30,0.8271,0.1284,0.6987,False,0.0,-0.0017,0.0,0.4931,0.0,-0.0735,True,ok
1pmwjzm,transformers,0,https://reddit.com/r/transformers/comments/1pmwjzm/blokees_transformer_action_edition_05_tarn_idw/,0.0,1,19,20,0.0,0.2864,0.2864,True,0.0,0.0052,0.0,0.4187,0.0,0.1367,True,ok
1pes6i4,Android,0,https://reddit.com/r/Android/comments/1pes6i4/xperia_1_viii_tipped_to_launch_with_major_200_mp/,0.0,1,6,7,0.0,0.4148,0.4148,True,0.0,0.0698,0.0,0.3959,0.0,0.2444,True,ok
1qozvt5,google,0,https://reddit.com/r/google/comments/1qozvt5/i_think_i_broke_it/,-0.4215,1,4,5,-0.4215,-0.1215,0.3,True,0.0,0.2338,0.0,0.6023,0.0,0.2429,True,ok
1nwz1cr,rust,0,https://reddit.com/r/rust/comments/1nwz1cr/hey_guys_i_have_an_idea_for_what_you_could/,0.0,1,17,18,0.9727,0.1807,0.792,False,0.0,-0.0109,0.0,0.6342,0.0,-0.0604,True,ok
1nobzk5,json,0,https://reddit.com/r/json/comments/1nobzk5/formattingparsing_help/,0.4019,3,2,5,-0.2763,-0.0109,0.2654,True,-0.0132,-0.6582,0.3371,0.6582,0.0,0.0,True,ok
1nwq31n,react,0,https://reddit.com/r/react/comments/1nwq31n/is_it_overkill_to_start_with_tanstack_start_in/,0.0,1,3,4,0.0,0.5846,0.5846,True,0.0,0.5043,0.0,0.5224,0.0,0.0,True,ok
1ohfcuz,godot,0,https://reddit.com/r/godot/comments/1ohfcuz/when_continuous_updates_and_listening_to_player/,-0.1759,2,2,4,-0.3045,0.8185,1.1231,True,0.1803,-0.1535,0.1803,0.1535,0.0,0.0,True,ok
1owwnu4,godot,0,https://reddit.com/r/godot/comments/1owwnu4/hate_when_this_happens/,-0.5719,1,28,29,-0.5719,0.0639,0.6358,True,0.0,-0.0066,0.0,0.3085,0.0,-0.0964,True,ok
1pbl3fz,Android,0,https://reddit.com/r/Android/comments/1pbl3fz/google_teases_exciting_android_xr_updates_for/,-0.296,1,11,12,-0.296,0.2203,0.5163,True,0.0,-0.046,0.0,0.6055,0.0,-0.2101,True,ok
1qiy4fa,Android,0,https://reddit.com/r/Android/comments/1qiy4fa/evleaks_says_galaxy_s26_ultra_will_get_more_than/,0.0,1,25,26,0.0,0.1588,0.1588,True,0.0,-0.0187,0.0,0.4342,0.0,-0.2211,True,ok
1o0c3t9,MacOS,0,https://reddit.com/r/MacOS/comments/1o0c3t9/grumpy_old_man_rants_about_macos_tahoe/,-0.3182,10,121,131,0.1369,0.0875,0.0494,False,-0.0609,0.0005,0.486,0.4958,-0.2546,0.0287,True,ok
1ozbp5s,godot,0,https://reddit.com/r/godot/comments/1ozbp5s/update_on_my_blockout_godot_46s_new_ssr_looks/,0.6588,4,9,13,0.3629,0.2324,0.1306,False,-0.2943,0.075,0.2486,0.3795,-0.7259,0.355,True,ok
1o1tctu,Android,0,https://reddit.com/r/Android/comments/1o1tctu/google_pixel_watch_update_october_2025_wear_os_6/,0.0,1,8,9,0.0,0.2018,0.2018,True,0.0,-0.0383,0.0,0.6411,0.0,-0.1607,True,ok
1q2smca,Bitcoin,1,https://reddit.com/r/Bitcoin/comments/1q2smca/never_fails/,0.0,1,17,18,0.4404,0.0047,0.4357,False,0.0,-0.0002,0.0,0.5607,0.0,-0.1017,True,ok
1nnvsoh,chrome,1,https://reddit.com/r/chrome/comments/1nnvsoh/google_search_engine_not_working/,0.0,1,10,11,0.0,0.0589,0.0589,True,0.0,-0.0412,0.0,0.5005,0.0,-0.2253,True,ok
1pid486,Android,0,https://reddit.com/r/Android/comments/1pid486/new_aipowered_gestures_and_smart_reply_updates/,0.4019,1,14,15,0.4019,0.2824,0.1195,False,0.0,0.0162,0.0,0.4585,0.0,0.1415,True,ok
1ojpicf,Android,0,https://reddit.com/r/Android/comments/1ojpicf/android_16_makes_app_updates_nearly_instantaneous/,0.5423,1,4,5,0.5423,0.2335,0.3088,False,0.0,-0.0967,0.0,0.4643,0.0,-0.0083,True,ok
1rw0z9g,PLC,1,https://reddit.com/r/PLC/comments/1rw0z9g/what_is_the_solution_for_this_error_in_bechkoff/,-0.1027,3,1,4,0.2061,0.4194,0.2133,True,0.2202,0.0,0.2202,0.0,0.0,0.0,True,ok
1onhf5c,MacOS,0,https://reddit.com/r/MacOS/comments/1onhf5c/apples_macos_26_tahoe_shows_where_windows_has/,-0.3182,1,55,56,-0.3182,0.0671,0.3853,True,0.0,-0.0081,0.0,0.5391,0.0,-0.1649,True,ok
1nzifki,tailwindcss,0,https://reddit.com/r/tailwindcss/comments/1nzifki/570_installs_and_70_paying_customers_for_tail/,0.0,5,5,10,0.6321,0.7894,0.1573,True,-0.183,0.0288,0.1651,0.2117,-0.4513,-0.0395,True,ok
1owlg8u,godot,0,https://reddit.com/r/godot/comments/1owlg8u/updated_the_godot_splash_screen_animation_i_made/,0.0,1,11,12,0.0,0.4655,0.4655,True,0.0,0.0432,0.0,0.3178,0.0,0.1527,True,ok
1nwdd6e,PHP,0,https://reddit.com/r/PHP/comments/1nwdd6e/stuck_with_laravel_package_tests_with_pest/,0.0258,1,5,6,0.973,-0.0069,0.9799,False,0.0,0.2141,0.0,0.6897,0.0,0.3858,True,ok
1pp3g78,rust,0,https://reddit.com/r/rust/comments/1pp3g78/project_goals_update_november_2025_rust_blog/,0.0,1,14,15,0.0,0.3134,0.3134,True,0.0,0.0029,0.0,0.3421,0.0,0.2321,True,ok
1nv41m3,Nuxt,0,https://reddit.com/r/Nuxt/comments/1nv41m3/nuxt4_with_tailwind/,0.0,5,13,18,-0.0246,-0.0777,0.0531,False,0.0598,-0.0087,0.6818,0.3377,0.0829,0.0011,True,ok
1nuk7eq,transformers,0,https://reddit.com/r/transformers/comments/1nuk7eq/one_year_ago_today/,0.0,1,4,5,0.0,0.3388,0.3388,True,0.0,-0.2735,0.0,0.2558,0.0,-0.6004,True,ok
1nngrep,Android,1,https://reddit.com/r/Android/comments/1nngrep/upvote_this_issue_to_get_jpeg_xl_back_into_chrome/,0.0,1,16,17,0.0,0.0106,0.0106,True,0.0,0.0287,0.0,0.6284,0.0,0.0549,True,ok
1qr5gs0,Android,0,https://reddit.com/r/Android/comments/1qr5gs0/inside_nvidias_10year_effort_to_make_the_shield/,0.0,1,94,95,0.0,0.2078,0.2078,True,0.0,-0.0049,0.0,0.5304,0.0,-0.3058,True,ok
1qk5p80,rust,0,https://reddit.com/r/rust/comments/1qk5p80/cratesio_development_update_rust_blog_a_new/,0.802,1,7,8,0.802,0.2432,0.5588,False,0.0,-0.091,0.0,0.6203,0.0,-0.4449,True,ok
1r6xf8p,godot,0,https://reddit.com/r/godot/comments/1r6xf8p/updated_my_dice_based_on_feedback_what_are_your/,0.0,3,11,14,0.5239,0.5014,0.0225,False,0.0388,-0.0538,0.3159,0.4693,0.0,-0.4808,True,ok
1o1cbch,Dell,0,https://reddit.com/r/Dell/comments/1o1cbch/alert_tpm_device_not_detected_on_dell_xps_8940/,0.3595,3,2,5,-0.3827,0.17,0.5527,True,0.3062,-0.34,0.3061,0.34,0.0,0.0,True,ok
1nqsr52,chrome,0,https://reddit.com/r/chrome/comments/1nqsr52/ios_chrome_keeps_getting_worse/,-0.4767,1,2,3,0.7579,0.3227,0.4352,False,0.0,-1.2819,0.0,1.2819,0.0,0.0,True,ok
1ommfa8,union,0,https://reddit.com/r/union/comments/1ommfa8/top_labor_groups_break_with_federal_unions/,0.5423,2,16,18,0.0375,0.104,0.0665,True,-1.2444,-0.0034,1.2444,0.6462,0.0,-0.1412,True,ok
1oj9ktc,chrome,0,https://reddit.com/r/chrome/comments/1oj9ktc/am_i_the_only_one_who_think_it_will_be_great_if/,0.875,1,2,3,0.4927,-0.2287,0.7214,False,0.0,-0.4574,0.0,0.4574,0.0,0.0,True,ok
1nxgxxq,vmware,0,https://reddit.com/r/vmware/comments/1nxgxxq/pf_exception_14_in_world_2099443vsan_0x432d6_ip/,0.0,1,5,6,-0.3632,0.1218,0.485,True,0.0,0.0731,0.0,0.469,0.0,-0.1028,True,ok
1p6m6h2,linux,0,https://reddit.com/r/linux/comments/1p6m6h2/ntfsplus_driver_updated_as_it_works_toward_the/,0.0,1,23,24,0.0,0.2365,0.2365,True,0.0,0.02,0.0,0.3842,0.0,0.2746,True,ok
1nqvh11,react,1,https://reddit.com/r/react/comments/1nqvh11/i_am_getting_error_from_reactmuxplayer_called/,-0.4019,2,1,3,-0.3404,0.0,0.3404,True,0.6808,0.0,0.6808,0.0,0.0,0.0,True,ok
1r3wa64,rust,0,https://reddit.com/r/rust/comments/1r3wa64/cratesio_an_update_to_the_malicious_crate/,0.0,5,11,16,-0.0272,0.3004,0.3276,True,0.0422,-0.0038,0.7972,0.2729,-0.2006,0.0979,True,ok
1nv73o8,chrome,0,https://reddit.com/r/chrome/comments/1nv73o8/shaking_search_bar_on_s24_ultra/,-0.1779,2,2,4,-0.0364,0.7021,0.7385,True,0.731,-0.5233,0.731,0.5233,0.0,0.0,True,ok
1qqdg1t,Android,0,https://reddit.com/r/Android/comments/1qqdg1t/google_rolls_out_android_theft_protection_feature/,0.0,1,9,10,0.0,0.0631,0.0631,True,0.0,-0.0777,0.0,0.6299,0.0,-0.4175,True,ok
1pvil0j,Android,0,https://reddit.com/r/Android/comments/1pvil0j/samsung_trifold_durability_test_we_found_the_limit/,0.0,1,7,8,0.0,-0.1088,0.1088,False,0.0,-0.1374,0.0,0.6242,0.0,-0.7156,True,ok
1qzmjt6,chrome,0,https://reddit.com/r/chrome/comments/1qzmjt6/what_made_you_hate_chrome/,-0.5719,1,13,14,-0.5719,-0.0725,0.4994,True,0.0,0.004,0.0,0.5702,0.0,0.0995,True,ok
1nww0mp,vmware,0,https://reddit.com/r/vmware/comments/1nww0mp/whats_the_new_name_for_srm_and_vrep/,0.0,3,4,7,0.2649,0.1277,0.1372,False,-0.3208,0.0511,0.3208,0.3404,0.0,0.2553,True,ok
1s0krw7,Ubuntu,0,https://reddit.com/r/Ubuntu/comments/1s0krw7/my_first_i3wm_system_does_it_look_good_guys_and/,0.4404,1,3,4,0.4404,0.0,0.4404,False,0.0,0.0,0.0,0.0,0.0,0.0,True,ok
1nx264c,immich,0,https://reddit.com/r/immich/comments/1nx264c/noob_questions_now_that_stable_is_out/,0.25,1,3,4,0.94,0.3447,0.5953,False,0.0,0.0288,0.0,1.8335,0.0,0.0,True,ok
1nuovbw,Syncthing,1,https://reddit.com/r/Syncthing/comments/1nuovbw/how_do_i_debug_syncthing_issues/,0.0,3,3,6,-0.1572,0.134,0.2912,True,0.3196,-0.201,0.3196,0.2009,0.0,0.0,True,ok
1ntjmom,Wordpress,0,https://reddit.com/r/Wordpress/comments/1ntjmom/page_speed_insight_on_desktop_is_90_and_still/,-0.25,1,4,5,0.9625,0.6039,0.3586,False,0.0,0.0405,0.0,0.332,0.0,0.1396,True,ok
1noec4y,Wordpress,0,https://reddit.com/r/Wordpress/comments/1noec4y/wordpress_vulnerability_in_the_latest_version/,-0.2263,1,6,7,-0.2263,-0.0334,0.1929,True,0.0,0.1162,0.0,0.3107,0.0,0.3145,True,ok
1nrwcsf,kubernetes,0,https://reddit.com/r/kubernetes/comments/1nrwcsf/how_do_you_guys_handle_cluster_upgrades/,0.0,6,13,19,0.0199,0.1211,0.1012,True,-0.1637,0.0475,0.6796,0.5377,-0.3589,0.2999,True,ok
1qvkvqj,Android,0,https://reddit.com/r/Android/comments/1qvkvqj/googles_february_2026_android_update_confirms_a/,0.0,1,21,22,0.0,0.091,0.091,True,0.0,0.0069,0.0,0.4437,0.0,0.0645,True,ok
1p548mp,Bitcoin,0,https://reddit.com/r/Bitcoin/comments/1p548mp/ladies_hate_paperhands/,-0.5719,2,24,26,-0.2173,0.0758,0.2931,True,0.2454,-0.0013,0.2454,0.3147,0.0,-0.0598,True,ok
1pbpt6w,transformers,0,https://reddit.com/r/transformers/comments/1pbpt6w/bruticus_hates_you_all/,-0.4926,9,9,18,0.2744,0.3954,0.121,True,0.0598,-0.0171,0.337,0.4302,0.1689,-0.1354,True,ok
1p1dico,Android,0,https://reddit.com/r/Android/comments/1p1dico/google_maps_makes_it_easier_to_recall_the_places/,0.4215,1,4,5,0.4215,0.0881,0.3333,False,0.0,0.0887,0.0,0.8963,0.0,0.0132,True,ok
1r6n7vo,transformers,0,https://reddit.com/r/transformers/comments/1r6n7vo/favourite_version_of_optimus_with_a_jetpackwings/,0.0,4,54,58,-0.1586,0.2722,0.4308,True,-0.0634,0.0019,0.4229,0.5492,-0.3172,0.1104,True,ok
1pemyhm,Android,0,https://reddit.com/r/Android/comments/1pemyhm/oneplus_15_update_enables_165hz_for_these_three/,0.0,1,21,22,0.0,0.0826,0.0826,True,0.0,0.0092,0.0,0.4061,0.0,0.3725,True,ok
1qfb0tq,PHP,0,https://reddit.com/r/PHP/comments/1qfb0tq/dealing_with_a_php_bc_break/,0.0,1,2,3,0.5293,0.074,0.4553,False,0.0,0.7328,0.0,0.7328,0.0,0.0,True,ok
1okpkti,linux,0,https://reddit.com/r/linux/comments/1okpkti/libreoffice_recap_october_2025_markdown_support/,0.4019,1,3,4,-0.8545,0.5104,1.3649,True,0.0,-0.1242,0.0,0.8815,0.0,0.0,True,ok
1purh8e,transformers,0,https://reddit.com/r/transformers/comments/1purh8e/im_going_to_turn_into_a_truck_now/,0.0,3,4,7,0.3554,0.1231,0.2323,False,0.2933,0.1478,0.366,0.1642,0.0,0.2463,True,ok
1rip89a,Android,0,https://reddit.com/r/Android/comments/1rip89a/oneplus_15t_will_feature_an_upgraded_periscope/,0.0,1,7,8,0.0,0.162,0.162,True,0.0,-0.0005,0.0,0.3904,0.0,0.29,True,ok
1nxstb4,chrome,0,https://reddit.com/r/chrome/comments/1nxstb4/chrome_bookmarks_gone_after_installing_new_windows/,0.0,1,3,4,0.8438,0.1623,0.6815,False,0.0,-0.4819,0.0,0.9586,0.0,0.0,True,ok
1r16lhg,windows,0,https://reddit.com/r/windows/comments/1r16lhg/refreshing_the_root_of_trust_industry/,0.6908,1,3,4,0.6908,0.0472,0.6436,False,0.0,-0.3015,0.0,0.532,0.0,0.0,True,ok
1puijka,rust,0,https://reddit.com/r/rust/comments/1puijka/galen_hunts_update_on_rust_ai_c_c_job_post_purpose/,0.0,1,14,15,0.0,0.1027,0.1027,True,0.0,0.034,0.0,0.491,0.0,0.2622,True,ok
1okfwhg,Android,0,https://reddit.com/r/Android/comments/1okfwhg/new_google_pixel_october_2025_update_rolling_out/,0.0,1,14,15,0.0,0.0658,0.0658,True,0.0,0.0032,0.0,0.3821,0.0,-0.0408,True,ok
1p8z5a3,EndeavourOS,0,https://reddit.com/r/EndeavourOS/comments/1p8z5a3/is_that_warning_eosrankmirrors_something_to_be/,-0.0516,1,2,3,0.4404,0.2164,0.224,False,0.0,0.739,0.0,0.739,0.0,0.0,True,ok
1qo71ai,godot,0,https://reddit.com/r/godot/comments/1qo71ai/please_dont_break_please_dont_break_please_dont/,-0.379,1,28,29,0.9175,0.1263,0.7912,False,0.0,0.0053,0.0,0.4989,0.0,0.0088,True,ok
1pcjjnm,Android,0,https://reddit.com/r/Android/comments/1pcjjnm/stay_organized_and_express_yourself_with_android/,0.0,1,6,7,0.0,0.0174,0.0174,True,0.0,0.0919,0.0,0.4715,0.0,0.3649,True,ok
1npqevt,chrome,1,https://reddit.com/r/chrome/comments/1npqevt/chrome_running_on_background_cant_terminate_the/,0.0,1,3,4,0.224,0.3887,0.1647,True,0.0,-0.4819,0.0,0.4819,0.0,0.0,True,ok
1nuifs3,neovim,0,https://reddit.com/r/neovim/comments/1nuifs3/third_update_to_simple_picker/,0.0,2,5,7,-0.1527,0.7222,0.8749,True,0.3054,0.0433,0.3054,0.2828,0.0,0.257,True,ok
1nwgz8q,chrome,0,https://reddit.com/r/chrome/comments/1nwgz8q/i_cant_watch_youtube_and_other_videos/,0.0,1,4,5,0.8067,0.3634,0.4433,False,0.0,-0.3573,0.0,0.3853,0.0,-0.8228,True,ok
1r258fm,transformers,0,https://reddit.com/r/transformers/comments/1r258fm/update_flametoys_furai_action_windblade_and_arcee/,0.0,19,42,61,-0.0131,0.1161,0.1292,True,-0.0134,-0.0011,0.2519,0.4122,-0.1393,0.0116,True,ok
1pp6ext,github,0,https://reddit.com/r/github/comments/1pp6ext/update_on_pricing_for_github_actions/,0.0,1,31,32,0.0,0.213,0.213,True,0.0,0.0023,0.0,0.6235,0.0,0.0383,True,ok
1po2zw1,Android,0,https://reddit.com/r/Android/comments/1po2zw1/whats_new_in_androids_december_2025_google_system/,0.0,1,19,20,0.0,0.0353,0.0353,True,0.0,0.0121,0.0,0.3688,0.0,-0.0259,True,ok
1nut2lh,Wordpress,0,https://reddit.com/r/Wordpress/comments/1nut2lh/theme_recommendations_for_a_nonprofit_not/,0.0,1,3,4,0.9243,0.1725,0.7518,False,0.0,0.0386,0.0,0.4018,0.0,0.0,True,ok
1rzzy7w,rust,0,https://reddit.com/r/rust/comments/1rzzy7w/the_good_the_bad_and_the_leaky_jemalloc_bumpalo/,-0.1531,7,9,16,0.5487,0.44,0.1088,False,0.0269,0.0126,0.3416,0.8943,-0.0614,-0.1189,True,ok
1rjw7oe,Android,0,https://reddit.com/r/Android/comments/1rjw7oe/i_upgraded_the_samsung_trifold_battery_by_71/,0.5307,1,26,27,0.5307,0.033,0.4977,False,0.0,-0.0071,0.0,0.453,0.0,-0.0224,True,ok
1rjx42f,transformers,0,https://reddit.com/r/transformers/comments/1rjx42f/i_hope_hasbro_gives_us_energon_updates_soon/,0.7717,1,25,26,0.7717,0.1952,0.5765,False,0.0,-0.0045,0.0,0.4764,0.0,0.0891,True,ok
1nxic49,rust,0,https://reddit.com/r/rust/comments/1nxic49/learn_wgpu_updated_to_270/,0.0,1,2,3,0.7177,0.9197,0.202,True,0.0,0.0065,0.0,0.0065,0.0,0.0,True,ok
1pfp765,Bitcoin,0,https://reddit.com/r/Bitcoin/comments/1pfp765/13_years_ago_bitcoin_was_1336_and_we_were_still/,0.4404,1,40,41,0.4404,0.1271,0.3133,False,0.0,0.0057,0.0,0.4011,0.0,0.1032,True,ok
1nwck9t,immich,0,https://reddit.com/r/immich/comments/1nwck9t/i_made_a_little_windows_app_to_manage_immich/,0.4199,9,19,28,0.6265,0.2323,0.3942,False,-0.0442,-0.0219,0.4547,0.4135,-0.1212,-0.0458,True,ok
1phz3nr,linux,0,https://reddit.com/r/linux/comments/1phz3nr/bcachefs_133_delivers_its_biggest_upgrade_yet/,0.4019,1,19,20,0.4019,0.1112,0.2907,False,0.0,0.0335,0.0,0.7318,0.0,0.5359,True,ok
1nq82np,transformers,0,https://reddit.com/r/transformers/comments/1nq82np/got_my_ss86_prowl_juuuust_right/,0.0,1,8,9,0.5106,0.0134,0.4972,False,0.0,-0.0722,0.0,0.5834,0.0,-0.3117,True,ok
1r2sc6j,PHP,0,https://reddit.com/r/PHP/comments/1r2sc6j/frankenphp_v1112_security_and_performance_updates/,0.34,1,2,3,0.0,0.0,0.0,False,0.0,0.0,0.0,0.0,0.0,0.0,True,ok
1qsfytg,Android,0,https://reddit.com/r/Android/comments/1qsfytg/motorola_promises_zero_android_os_upgrades_for/,0.3818,1,3,4,0.2144,0.485,0.2706,True,0.0,-0.0318,0.0,0.0384,0.0,0.0,True,ok
1q2scgj,linux,0,https://reddit.com/r/linux/comments/1q2scgj/dwipe_making_dd_ifdevzero_ofdevohno_less_risky/,-0.1298,5,6,11,0.7966,0.0822,0.7144,False,-0.0333,-0.0991,0.3669,0.6527,-0.2876,-0.0697,True,ok
1pk6cm3,Bitcoin,0,https://reddit.com/r/Bitcoin/comments/1pk6cm3/we_got_inflation_laddie_dont_worry_its_normal/,0.3412,1,5,6,0.3412,0.2958,0.0454,False,0.0,-0.1441,0.0,0.218,0.0,-0.3726,True,ok
1nzj2ic,google,1,https://reddit.com/r/google/comments/1nzj2ic/google_fail/,-0.5423,1,4,5,-0.5423,0.0471,0.5894,True,0.0,0.3606,0.0,0.7575,0.0,0.4481,True,ok
1nodn9g,Wordpress,0,https://reddit.com/r/Wordpress/comments/1nodn9g/imaginate_solutions_is_a_scam/,-0.5766,1,4,5,-0.8402,0.2423,1.0825,True,0.0,0.0296,0.0,1.0943,0.0,0.5323,True,ok
1nnrs05,google,1,https://reddit.com/r/google/comments/1nnrs05/this_never_happened_before_until_this_month_now/,0.0,1,19,20,0.0,0.0159,0.0159,True,0.0,0.0186,0.0,0.4433,0.0,0.0699,True,ok
1mckft4,grafana,0,https://reddit.com/r/grafana/comments/1mckft4/grafana_121_release_automated_health_checks_for/,0.0,1,5,6,0.0,0.2258,0.2258,True,0.0,-0.0261,0.0,0.2645,0.0,-0.2475,True,ok
1npu9vw,Splunk,1,https://reddit.com/r/Splunk/comments/1npu9vw/i_am_a_complete_beginner_to_splunk_enterprise_i/,0.3585,3,10,13,0.0,0.0432,0.0432,True,0.0,0.0515,0.0,0.6348,0.0,0.3591,True,ok
1pzynna,linux,0,https://reddit.com/r/linux/comments/1pzynna/i_was_given_a_spare_ssd_after_someone_i_know/,0.0,1,11,12,0.0,0.1871,0.1871,True,0.0,0.0,0.0,0.2745,0.0,-0.0765,True,ok
1rgmzbu,Android,0,https://reddit.com/r/Android/comments/1rgmzbu/samsung_galaxy_update_removing_some_android/,0.0,1,37,38,0.0,0.0382,0.0382,True,0.0,-0.0052,0.0,0.4179,0.0,-0.0504,True,ok
1ql2670,comfyui,1,https://reddit.com/r/comfyui/comments/1ql2670/i_uninstalled_and_reinstalled_comfyui_which_broke/,0.0516,3,6,9,-0.0872,-0.0599,0.0273,True,0.0,0.007,0.2617,0.2345,0.0,-0.1198,True,ok
1pzd683,comfyui,0,https://reddit.com/r/comfyui/comments/1pzd683/qwen_image_2512_seen_at_the_horizon_qwen_image/,0.0,2,5,7,0.2107,0.2093,0.0015,False,0.4215,-0.1379,0.4215,0.6714,0.0,-0.6558,True,ok
1nv3m8j,comfyui,0,https://reddit.com/r/comfyui/comments/1nv3m8j/3d_generations/,0.0,3,2,5,0.3984,0.371,0.0274,False,0.4913,-0.0619,0.4914,0.0619,0.0,0.0,True,ok
1nuwiid,chrome,0,https://reddit.com/r/chrome/comments/1nuwiid/youtube_videos_show_greyblank_screen_when_playing/,0.4404,2,2,4,-0.1773,0.0837,0.261,True,1.3954,-1.7601,1.3954,1.7601,0.0,0.0,True,ok
1pu68lc,MicrosoftEdge,1,https://reddit.com/r/MicrosoftEdge/comments/1pu68lc/the_android_address_bar_sometimes_fails_to_appear/,-0.4215,2,1,3,0.1132,0.4871,0.374,True,0.2263,0.0,0.2263,0.0,0.0,0.0,True,ok
1p1ccv4,MicrosoftEdge,1,https://reddit.com/r/MicrosoftEdge/comments/1p1ccv4/wheres_the_new_tab_button_edge_on_android_is_so/,-0.771,1,5,6,0.0,-0.0773,0.0773,False,0.0,0.1209,0.0,0.6346,0.0,0.1555,True,ok
1ocelwz,Android,0,https://reddit.com/r/Android/comments/1ocelwz/google_wallet_adding_live_updates_support_for/,0.4019,1,19,20,0.4019,0.2725,0.1294,False,0.0,0.0267,0.0,0.421,0.0,0.1099,True,ok
1nt732d,MacOS,0,https://reddit.com/r/MacOS/comments/1nt732d/when_you_are_forced_to_use_windows_what_macos/,-0.5574,1,112,113,-0.6588,0.0954,0.7542,True,0.0,-0.0002,0.0,0.4072,0.0,-0.0074,True,ok
1qseizq,Bitcoin,0,https://reddit.com/r/Bitcoin/comments/1qseizq/dont_worry/,0.3412,1,5,6,0.4019,-0.2281,0.63,False,0.0,0.1154,0.0,0.4422,0.0,0.0717,True,ok
1nq3dxx,django,0,https://reddit.com/r/django/comments/1nq3dxx/python_hate_on_x/,-0.5719,2,31,33,0.1806,0.2281,0.0475,True,-0.3612,0.0218,0.3612,0.6011,0.0,0.3284,True,ok
1pkv33s,google,0,https://reddit.com/r/google/comments/1pkv33s/google_maps_drops_x_share_button_and_adds_reddit/,0.296,1,6,7,0.3182,-0.1318,0.45,False,0.0,-0.0242,0.0,0.3179,0.0,-0.0773,True,ok
1qr9b4a,windows,0,https://reddit.com/r/windows/comments/1qr9b4a/windows_vista_was_released_19_years_ago_today/,0.0,1,26,27,0.0,0.3638,0.3638,True,0.0,0.0284,0.0,0.6083,0.0,0.2993,True,ok
1o0e6dx,chrome,1,https://reddit.com/r/chrome/comments/1o0e6dx/anyone_else_having_a_white_address_bar_but_on/,0.0,1,3,4,0.0,0.5886,0.5886,True,0.0,-0.4819,0.0,0.4819,0.0,0.0,True,ok
1r66kb9,MicrosoftEdge,1,https://reddit.com/r/MicrosoftEdge/comments/1r66kb9/bugandroid_look_at_3button_navigation_bar_wonders/,0.0,2,1,3,-0.1606,0.0,0.1606,True,-0.3213,0.0,0.3213,0.0,0.0,0.0,True,ok
1rycccm,transformers,0,https://reddit.com/r/transformers/comments/1rycccm/ross_is_getting_pricey_lol/,0.4215,2,27,29,0.7221,0.0636,0.6585,False,0.1248,-0.007,0.1248,0.3228,0.0,-0.067,True,ok
1nom31l,chrome,1,https://reddit.com/r/chrome/comments/1nom31l/font_changed_accidentally_but_cant_find_setting/,-0.1779,2,3,5,0.1951,0.3212,0.1261,True,-0.3903,-0.4819,0.3903,0.4819,0.0,0.0,True,ok
1ovbv9c,chrome,0,https://reddit.com/r/chrome/comments/1ovbv9c/why_chrome_google_look_like_this_stop_i_sony_want/,-0.2023,1,3,4,0.0,0.3212,0.3212,True,0.0,-0.4819,0.0,0.4819,0.0,0.0,True,ok
1oqaia9,immich,0,https://reddit.com/r/immich/comments/1oqaia9/thumbnails_greyed_out_sometimes_this_happen_to/,0.0,2,5,7,-0.105,0.048,0.153,True,-0.21,-0.0418,0.21,0.4725,0.0,0.0075,True,ok
1qqucmg,Bitcoin,0,https://reddit.com/r/Bitcoin/comments/1qqucmg/message_to_true_bitcoiners/,0.4215,1,11,12,0.4215,0.0114,0.4101,False,0.0,0.0126,0.0,0.1435,0.0,0.0209,True,ok
1ooxu8t,neovim,0,https://reddit.com/r/neovim/comments/1ooxu8t/tinyglimmernvim_update_reusable_library_improved/,0.4767,11,12,23,0.5514,0.4021,0.1493,False,0.0117,-0.0064,0.3506,0.6272,0.1073,-0.2143,True,ok
1s2g0x7,Ubuntu,0,https://reddit.com/r/Ubuntu/comments/1s2g0x7/should_i_upgrade_my_ubuntu_from_2510_to_the_dev/,0.0,1,20,21,0.34,0.2936,0.0464,False,0.0,-0.0266,0.0,0.4259,0.0,-0.3239,True,ok
1okrbgi,Bitcoin,0,https://reddit.com/r/Bitcoin/comments/1okrbgi/17_years_ago_today_satoshi_nakamoto_published_the/,0.0,1,3,4,0.0,0.4624,0.4624,True,0.0,-0.2107,0.0,0.755,0.0,0.0,True,ok
1onnoh7,Android,1,https://reddit.com/r/Android/comments/1onnoh7/android_november_security_update_is_out_fixes_two/,0.2023,1,3,4,0.2023,0.0427,0.1596,False,0.0,-0.064,0.0,0.064,0.0,0.0,True,ok
1qyyehf,openclaw,0,https://reddit.com/r/openclaw/comments/1qyyehf/i_made_my_openclaw_respond_using_scarlett/,0.0,4,10,14,0.0579,0.1474,0.0895,True,0.0283,0.0121,0.0427,0.6985,0.0641,0.1688,True,ok
1of5rsv,transformers,1,https://reddit.com/r/transformers/comments/1of5rsv/i_cant_be_the_only_one_who_has_thought_of_this/,0.0,1,16,17,0.0,0.3486,0.3486,True,0.0,-0.0095,0.0,0.4685,0.0,-0.0348,True,ok
1s1kczc,transformers,0,https://reddit.com/r/transformers/comments/1s1kczc/not_a_bad_day/,0.431,1,9,10,-0.8402,0.1896,1.0298,True,0.0,-0.0224,0.0,0.3542,0.0,-0.2304,True,ok
1plnbq6,Android,0,https://reddit.com/r/Android/comments/1plnbq6/we_went_handson_with_the_galaxy_z_trifold_heres/,-0.1531,1,42,43,-0.1531,0.2318,0.3849,True,0.0,0.0055,0.0,0.6087,0.0,0.0079,True,ok
1ns8b82,Android,0,https://reddit.com/r/Android/comments/1ns8b82/psa_recompiling_odex_caches_after_updates_can/,0.4404,1,5,6,0.8774,0.2213,0.6561,False,0.0,-0.0718,0.0,0.5692,0.0,0.1947,True,ok
1pxm33g,django,0,https://reddit.com/r/django/comments/1pxm33g/doom_in_django_testing_the_limits_of_liveview_at/,-0.5319,4,5,9,0.3507,0.1702,0.1804,False,0.2071,0.2776,0.4807,0.3765,0.5362,0.8394,True,ok
1rk4t40,chrome,0,https://reddit.com/r/chrome/comments/1rk4t40/is_there_a_way_to_disable_the_for_ai_features_on/,0.0,1,4,5,-0.2783,0.4179,0.6962,True,0.0,-0.2069,0.0,0.8694,0.0,-0.0707,True,ok
1nx7k8k,django,0,https://reddit.com/r/django/comments/1nx7k8k/django_hard_to_do_real_time/,-0.1027,1,4,5,-0.4872,0.0513,0.5384,True,0.0,-0.0635,0.0,0.7151,0.0,-0.4425,True,ok
1npaijx,scrcpy,0,https://reddit.com/r/scrcpy/comments/1npaijx/connection_lost_via_qtscrcpy/,-0.3182,3,3,6,0.1091,-0.2304,0.3395,False,0.721,0.275,0.721,0.275,0.0,0.0,True,ok
1p74or4,transformers,0,https://reddit.com/r/transformers/comments/1p74or4/transformers_prime_premiered_15_years_ago_today/,0.0,1,7,8,0.4588,0.1193,0.3395,False,0.0,0.0225,0.0,0.3691,0.0,0.2088,True,ok
1s3nt3h,MacOS,0,https://reddit.com/r/MacOS/comments/1s3nt3h/macos_264_finally_brings_back_the_option_to_have/,0.0,1,17,18,0.0,0.2311,0.2311,True,0.0,0.011,0.0,0.3328,0.0,0.1722,True,ok
1nznizy,google,0,https://reddit.com/r/google/comments/1nznizy/this_ai_is_just_bad/,-0.5423,1,36,37,0.0,0.0945,0.0945,True,0.0,-0.0074,0.0,0.4587,0.0,-0.0584,True,ok
1nqqodm,chrome,1,https://reddit.com/r/chrome/comments/1nqqodm/what_is_wrong_with_it_chrome_crashed_the_tabs/,-0.6124,2,4,6,0.0,0.2409,0.2409,True,0.0,-0.2891,0.0,0.3212,0.0,-0.4819,True,ok
1nw13o2,chrome,1,https://reddit.com/r/chrome/comments/1nw13o2/im_tired_of_this_issue_in_chrome/,-0.4404,1,5,6,-0.9335,0.1412,1.0747,True,0.0,-0.3238,0.0,0.6522,0.0,-0.9741,True,ok
1ndnyud,openssl,1,https://reddit.com/r/openssl/comments/1ndnyud/digital_envelope_routines_error/,-0.4019,2,2,4,0.4941,0.379,0.1152,False,-0.5119,-0.7579,0.5119,0.7579,0.0,0.0,True,ok
1oubo0f,firefox,0,https://reddit.com/r/firefox/comments/1oubo0f/firefox_tab_groups_with_the_same_name_they_should/,0.296,1,2,3,0.25,0.4,0.15,True,0.0,0.9145,0.0,0.9145,0.0,0.0,True,ok
1ozoctf,union,0,https://reddit.com/r/union/comments/1ozoctf/this_is_so_true_i_think_most_of_us_myself/,0.5598,2,48,50,0.6119,0.1241,0.4878,False,-0.001,0.0062,0.001,0.5424,0.0,0.0028,True,ok
1ppik3f,Nest,0,https://reddit.com/r/Nest/comments/1ppik3f/google_home_december_update_finally_makes_moving/,0.0,1,3,4,0.0,0.4213,0.4213,True,0.0,0.0795,0.0,0.4185,0.0,0.0,True,ok
1ogt8v7,transformers,0,https://reddit.com/r/transformers/comments/1ogt8v7/whom_do_you_think_megatron_hates_most/,-0.4404,3,92,95,0.0418,-0.0866,0.1284,False,0.2107,0.0035,0.5068,0.6278,0.0,0.1438,True,ok
1nxtvfr,transformers,0,https://reddit.com/r/transformers/comments/1nxtvfr/so_i_made_some_better_upgrades_for_ss86_devy_and/,0.7351,6,7,13,0.5434,0.5713,0.0279,True,-0.016,-0.1324,0.4709,0.3209,0.0033,-0.4663,True,ok
1rknls1,comfyui,0,https://reddit.com/r/comfyui/comments/1rknls1/every_time_i_hit_update_when_a_new_model_comes_out/,0.0,3,17,20,0.3932,0.1556,0.2376,False,-0.247,-0.0171,0.4388,0.3813,0.0,0.0559,True,ok
1ojct7x,transformers,0,https://reddit.com/r/transformers/comments/1ojct7x/beast_characters_that_need_updates_part_2/,0.0,3,6,9,0.1833,0.0118,0.1715,False,-0.275,-0.0279,0.275,0.4813,0.0,-0.2502,True,ok
1nq4ygb,chrome,1,https://reddit.com/r/chrome/comments/1nq4ygb/right_clicking_on_misspelled_words_crashes_tab/,0.0,1,3,4,-0.5719,0.1658,0.7377,True,0.0,-0.4819,0.0,0.9482,0.0,0.0,True,ok
1q03jmr,google,0,https://reddit.com/r/google/comments/1q03jmr/small_search_engine/,0.0,1,4,5,0.0,-0.0521,0.0521,False,0.0,0.3154,0.0,0.3504,0.0,0.5256,True,ok
1nufwtf,Supabase,1,https://reddit.com/r/Supabase/comments/1nufwtf/how_can_i_solve_this_issue/,0.2023,1,3,4,-0.9324,0.1973,1.1297,True,0.0,0.148,0.0,0.148,0.0,0.0,True,ok
1nx2r7j,Android,0,https://reddit.com/r/Android/comments/1nx2r7j/evan_blass_on_x_the_sub6mm_motorola_edge_70/,0.0,1,16,17,0.0,0.3096,0.3096,True,0.0,-0.0292,0.0,0.4284,0.0,-0.3409,True,ok
1npcivg,transformers,1,https://reddit.com/r/transformers/comments/1npcivg/packaging_error/,-0.4019,2,12,14,0.1656,0.2206,0.0549,True,0.3313,-0.0153,0.3313,0.4804,0.0,0.2278,True,ok
1qgpe4s,MacOS,0,https://reddit.com/r/MacOS/comments/1qgpe4s/i_didnt_read_anything_before_upgrading_what_on/,0.0,9,78,87,-0.0375,0.0565,0.094,True,0.0565,-0.0004,0.4542,0.6133,0.2574,0.1151,True,ok
1ppmlq9,Android,0,https://reddit.com/r/Android/comments/1ppmlq9/pixel_10_finally_gets_its_longpromised_gpu_driver/,0.5499,1,24,25,0.5499,-0.1116,0.6615,False,0.0,0.0122,0.0,0.4822,0.0,0.3093,True,ok
1o0om20,immich,0,https://reddit.com/r/immich/comments/1o0om20/immich_stable_ios_background_updates/,0.296,1,4,5,-0.1753,0.1474,0.3227,True,0.0,-0.2068,0.0,0.2973,0.0,-0.5092,True,ok
1qhs7lf,transformers,1,https://reddit.com/r/transformers/comments/1qhs7lf/he_cant_keep_getting_away_with_this_scrap/,-0.6093,1,24,25,-0.6093,-0.0098,0.5995,True,0.0,-0.0068,0.0,0.4157,0.0,-0.0557,True,ok
1nva5xv,Android,0,https://reddit.com/r/Android/comments/1nva5xv/on_this_day_10_years_ago_lg_announced_the_v10/,0.0,1,39,40,0.0,0.1865,0.1865,True,0.0,-0.0065,0.0,0.5459,0.0,-0.1272,True,ok
1qscg7w,Android,1,https://reddit.com/r/Android/comments/1qscg7w/eu_warns_google_gemini_cannot_be_the_only_ai_with/,-0.1027,1,46,47,-0.1027,0.1652,0.2679,True,0.0,0.0006,0.0,0.444,0.0,0.0844,True,ok
1ouavr1,transformers,0,https://reddit.com/r/transformers/comments/1ouavr1/its_still_unbelievable_that_venom_got_a_new_mold/,-0.5719,3,27,30,-0.0073,0.3421,0.3494,True,0.17,0.0057,0.4882,0.5103,0.0,0.1304,True,ok
1s0ckr6,Ubiquiti,0,https://reddit.com/r/Ubiquiti/comments/1s0ckr6/me_looking_up_at_random_bar_in_ny/,0.0,1,9,10,0.0,0.3884,0.3884,True,0.0,-0.0512,0.0,0.452,0.0,-0.1013,True,ok
1nqxc6f,chrome,0,https://reddit.com/r/chrome/comments/1nqxc6f/trash_samsung_ruined_chromium_based_browsers/,-0.4767,1,4,5,-0.4767,0.3092,0.7859,True,0.0,-0.3164,0.0,0.3212,0.0,-0.6184,True,ok
1o26n9n,linux,0,https://reddit.com/r/linux/comments/1o26n9n/ubuntu_2510_released_with_gnome_49_linux_617/,0.0,2,31,33,0.258,0.3092,0.0512,True,0.516,0.02,0.516,0.4546,0.0,0.176,True,ok
1nxh6rx,Android,0,https://reddit.com/r/Android/comments/1nxh6rx/the_galaxy_s26_ultra_will_have_a_privacy_display/,0.0,2,66,68,0.0766,0.1682,0.0917,True,0.1531,0.0011,0.1531,0.4982,0.0,0.0457,True,ok
1oowbdr,transformers,0,https://reddit.com/r/transformers/comments/1oowbdr/not_bad_but_still_a_bit_wack/,0.2323,4,9,13,-0.0155,0.2076,0.223,True,-0.0742,0.0113,0.4946,0.3521,-0.371,0.0329,True,ok
1pg90f5,rust,0,https://reddit.com/r/rust/comments/1pg90f5/updating_rusts_linux_musl_targets_to_125_rust_blog/,0.0,1,6,7,0.0,0.0666,0.0666,True,0.0,-0.1538,0.0,0.5754,0.0,-0.244,True,ok
1p52prs,transformers,0,https://reddit.com/r/transformers/comments/1p52prs/micronus_isnt_so_small_anymore/,0.0,1,15,16,0.0,0.0094,0.0094,True,0.0,-0.014,0.0,0.1512,0.0,-0.143,True,ok
1nu9iny,chrome,0,https://reddit.com/r/chrome/comments/1nu9iny/my_chrome_wont_load_videos_and_sites/,0.0,2,2,4,0.6855,0.4819,0.2036,False,0.5169,-0.9637,0.5169,0.9637,0.0,0.0,True,ok
1rz3tji,Android,0,https://reddit.com/r/Android/comments/1rz3tji/androids_march_canary_update_is_live_and_heres/,0.0,1,6,7,0.0,0.4755,0.4755,True,0.0,0.0915,0.0,0.3228,0.0,0.5163,True,ok
1nwxusf,node,0,https://reddit.com/r/node/comments/1nwxusf/stop_using_ai_for_everything_seriously/,-0.4404,1,3,4,0.7059,0.257,0.4489,False,0.0,-0.0326,0.0,0.2147,0.0,0.0,True,ok
1m1d94j,openssl,1,https://reddit.com/r/openssl/comments/1m1d94j/tls_is_failing_error0a0000c6ssl_routinespacket/,-0.5106,4,2,6,0.2794,-0.2647,0.5442,False,0.4042,0.7395,0.4861,0.7395,0.9141,0.0,True,ok
1qxdaoc,Android,0,https://reddit.com/r/Android/comments/1qxdaoc/6_big_changes_coming_to_your_pixel_in_next_months/,0.0,1,37,38,0.0,0.1095,0.1095,True,0.0,0.0035,0.0,0.5831,0.0,0.1386,True,ok
1ny02wb,tauri,0,https://reddit.com/r/tauri/comments/1ny02wb/tauripluginiap_inapp_purchases_for_tauri/,0.0,2,2,4,0.6683,0.441,0.2273,False,-0.4217,-0.8819,0.4217,0.8819,0.0,0.0,True,ok
1p8d99y,transformers,0,https://reddit.com/r/transformers/comments/1p8d99y/hes_called_optimus_prime_because_he_turns_into_a/,0.0,12,22,34,0.2574,0.1666,0.0907,False,-0.014,-0.0044,0.4208,0.5703,-0.0359,-0.0802,True,ok
1qojnrn,Android,0,https://reddit.com/r/Android/comments/1qojnrn/new_android_theft_protection_feature_updates/,0.6808,1,22,23,0.6808,-0.104,0.7848,False,0.0,0.009,0.0,0.5314,0.0,0.086,True,ok
1nny826,neovim,0,https://reddit.com/r/neovim/comments/1nny826/neotestgolang_200/,0.0,1,5,6,0.0,0.4534,0.4534,True,0.0,0.0791,0.0,0.4005,0.0,0.0876,True,ok
1r7chxn,transformers,0,https://reddit.com/r/transformers/comments/1r7chxn/from_my_last_display_cabinet_update_here_are_a/,0.0,14,15,29,0.5015,0.3994,0.1021,False,-0.0489,0.0065,0.4124,0.5548,-0.4766,0.2315,True,ok
1ogpl9z,Bitcoin,0,https://reddit.com/r/Bitcoin/comments/1ogpl9z/whales_that_went_short_btc_are_not_having_a_good/,0.1012,8,76,84,0.2892,0.0661,0.223,False,-0.0023,-0.0026,0.7429,0.4371,0.1376,-0.0805,True,ok
1nxss8f,kubernetes,0,https://reddit.com/r/kubernetes/comments/1nxss8f/minikube_stops_responding_when_i_run_15_pods_and/,0.3182,2,3,5,-0.7948,0.2444,1.0392,True,-0.2632,0.1377,0.2632,0.3316,0.0,0.0,True,ok
1p2liee,Android,0,https://reddit.com/r/Android/comments/1p2liee/motorola_ignores_eu_regulation_on_security/,0.34,1,35,36,0.8534,-0.0099,0.8633,False,0.0,0.0009,0.0,0.7168,0.0,-0.0535,True,ok
1p8xi84,union,0,https://reddit.com/r/union/comments/1p8xi84/despite_trumps_best_efforts_to_reshore/,-0.6876,1,37,38,0.0,-0.0417,0.0417,False,0.0,-0.0168,0.0,0.5233,0.0,-0.384,True,ok
1qwnbqh,godot,0,https://reddit.com/r/godot/comments/1qwnbqh/new_trailer_and_updated_demo_released/,0.0,4,4,8,0.7406,0.33,0.4106,False,0.0024,-0.0332,0.2066,0.5507,0.0065,-0.166,True,ok
1pjdg29,transformers,0,https://reddit.com/r/transformers/comments/1pjdg29/not_bad_for_100/,0.431,1,167,168,0.3604,0.0719,0.2885,False,0.0,0.0001,0.0,0.5249,0.0,0.0281,True,ok
1p0cbx4,comfyui,1,https://reddit.com/r/comfyui/comments/1p0cbx4/i_keep_getting_this_error_in_qwen_image_edit/,-0.481,1,2,3,0.0,0.5764,0.5764,True,0.0,-0.4337,0.0,0.4337,0.0,0.0,True,ok
1ntioco,MacOS,0,https://reddit.com/r/MacOS/comments/1ntioco/did_apple_improve_iphone_mirroring_in_macos_26/,0.4404,11,20,31,0.1244,0.2714,0.147,True,-0.0247,0.0046,0.3088,0.3578,-0.1335,0.0612,True,ok
1nwdopn,Wordpress,0,https://reddit.com/r/Wordpress/comments/1nwdopn/replacement_for_mailchimp_andor_newsletter_glue/,0.0,1,10,11,0.9619,0.3537,0.6082,False,0.0,-0.078,0.0,0.5815,0.0,-0.2529,True,ok
1s26awy,Bitcoin,0,https://reddit.com/r/Bitcoin/comments/1s26awy/dont_you_just_love_and_vague_mysterious_guys_lol/,-0.3094,2,23,25,-0.2859,0.0295,0.3154,True,0.5719,-0.0115,0.5719,0.3326,0.0,-0.0491,True,ok
1nrjstu,neovim,0,https://reddit.com/r/neovim/comments/1nrjstu/gc_turns_into_g_if_i_wait_a_second/,0.0,1,2,3,0.5574,0.6072,0.0498,True,0.0,-0.4107,0.0,0.4107,0.0,0.0,True,ok
1rkch52,Fedora,1,https://reddit.com/r/Fedora/comments/1rkch52/installing_on_old_laptop_installs_fine_then_boots/,-0.128,1,16,17,0.5829,0.2323,0.3506,False,0.0,0.0261,0.0,0.5014,0.0,0.0698,True,ok
1np2nmm,Nuxt,1,https://reddit.com/r/Nuxt/comments/1np2nmm/weird_prodonly_error/,-0.5267,4,5,9,0.1221,-0.1437,0.2658,False,-0.2521,-0.1249,0.2801,0.9024,-0.4202,-0.1192,True,ok
1ryzf7h,homeassistant,1,https://reddit.com/r/homeassistant/comments/1ryzf7h/if_you_enable_live_notifications_for_all_apps_in/,0.186,1,5,6,-0.1608,0.0881,0.2489,True,0.0,-0.0881,0.0,0.1101,0.0,-0.2202,True,ok
1omcf23,github,0,https://reddit.com/r/github/comments/1omcf23/i_have_github_pro_from_education_why_do_i_still/,0.0,1,5,6,0.0,0.3228,0.3228,True,0.0,-0.1914,0.0,0.2964,0.0,-0.6485,True,ok
1nw87sj,neovim,0,https://reddit.com/r/neovim/comments/1nw87sj/findandreplace_with_scooter/,0.0,3,11,14,0.372,0.4345,0.0625,True,-0.2637,0.0633,0.5579,0.3287,0.0,0.412,True,ok
1o0mm7o,ansible,0,https://reddit.com/r/ansible/comments/1o0mm7o/are_golden_images_virtualization_making_ansible/,0.0,2,4,6,0.4812,0.0304,0.4507,False,-0.9623,-0.2716,0.9623,0.9887,0.0,-0.1583,True,ok
1ry8ap4,Ubiquiti,0,https://reddit.com/r/Ubiquiti/comments/1ry8ap4/not_bad_for_wireless_usbc_airwire_hitting_4_gbps/,0.431,1,52,53,0.431,0.2437,0.1873,False,0.0,-0.0053,0.0,0.4945,0.0,-0.1302,True,ok
1ov99ij,PowerToys,0,https://reddit.com/r/PowerToys/comments/1ov99ij/light_switch_logs_filled_up_my_hard_drive/,-0.1027,1,2,3,0.128,0.1731,0.0451,True,0.0,-0.9159,0.0,0.9159,0.0,0.0,True,ok
1ns8l1d,pytorch,1,https://reddit.com/r/pytorch/comments/1ns8l1d/accidentally_installed_cuda_130_and_now_cant_run/,-0.34,1,8,9,-0.4201,0.1368,0.5569,True,0.0,-0.0236,0.0,0.4029,0.0,-0.2082,True,ok
1nt3yn3,github,0,https://reddit.com/r/github/comments/1nt3yn3/excuse_me_wtf/,-0.6801,1,5,6,0.0,0.0855,0.0855,True,0.0,-0.0221,0.0,0.5618,0.0,-0.278,True,ok
1rzl7os,Fedora,0,https://reddit.com/r/Fedora/comments/1rzl7os/so_installed_fedora/,0.0,12,21,33,0.0672,0.2933,0.2261,True,-0.0107,-0.0134,0.3394,0.2921,-0.0132,-0.2167,True,ok
1pgajed,comfyui,0,https://reddit.com/r/comfyui/comments/1pgajed/and_the_buttons_are_gone_again_in_v1346_latest/,0.0,1,4,5,0.0194,0.0659,0.0465,True,0.0,-0.1003,0.0,1.007,0.0,-0.6465,True,ok
1rhthw2,applehelp,0,https://reddit.com/r/applehelp/comments/1rhthw2/is_discarding_these_boxes_the_only_option_i_have/,-0.1779,26,62,88,0.1945,0.1591,0.0354,False,0.0001,0.0046,0.3525,0.4508,0.0343,0.2061,True,ok
1po4wyw,linux,0,https://reddit.com/r/linux/comments/1po4wyw/fedora_44_could_work_nicely_out_of_the_box_on/,0.4404,1,11,12,0.4404,0.1163,0.3241,False,0.0,0.0157,0.0,0.4628,0.0,0.1215,True,ok
1nokw1u,kubernetes,0,https://reddit.com/r/kubernetes/comments/1nokw1u/aws_has_kept_limit_of_110_pods_per_ec2/,0.0,1,7,8,0.0,0.0041,0.0041,True,0.0,0.0141,0.0,0.2442,0.0,0.1413,True,ok
1pkpx88,Bitcoin,0,https://reddit.com/r/Bitcoin/comments/1pkpx88/times_fly_15_years_ago/,0.0,1,22,23,0.0,0.1135,0.1135,True,0.0,0.0122,0.0,0.4213,0.0,0.145,True,ok
1pumelv,transformers,0,https://reddit.com/r/transformers/comments/1pumelv/in_shear_disbelief_i_thought_the_post_from_a_few/,0.7825,1,5,6,0.0,0.5175,0.5175,True,0.0,-0.0967,0.0,0.3573,0.0,-0.5162,True,ok
1nnq16o,Wordpress,0,https://reddit.com/r/Wordpress/comments/1nnq16o/new_link_goes_to_an_old_page_that_doesnt_excist/,0.0,1,3,4,0.0,0.3369,0.3369,True,0.0,-0.6574,0.0,0.6574,0.0,0.0,True,ok
1nwdr3j,node,0,https://reddit.com/r/node/comments/1nwdr3j/handling_100k_api_records_in_node_worker_threads/,0.0,3,32,35,0.5444,0.2648,0.2796,False,0.2507,-0.007,0.4068,0.4155,0.0,-0.1076,True,ok
1pww501,Bitcoin,0,https://reddit.com/r/Bitcoin/comments/1pww501/bro_got_ratioed/,0.0,1,28,29,0.0,0.2191,0.2191,True,0.0,-0.0031,0.0,0.3789,0.0,-0.0233,True,ok
1pu5edz,transformers,0,https://reddit.com/r/transformers/comments/1pu5edz/so_i_got_two_guns_and_no_shoulder_cannons_too/,-0.296,3,21,24,0.3896,0.1224,0.2672,False,0.247,0.0194,0.428,0.278,0.0,0.3009,True,ok
1oyy0a5,transformers,0,https://reddit.com/r/transformers/comments/1oyy0a5/got_them/,0.0,1,29,30,0.0,0.1772,0.1772,True,0.0,0.0002,0.0,0.5071,0.0,-0.0986,True,ok
1orz373,Bitcoin,0,https://reddit.com/r/Bitcoin/comments/1orz373/grok_gets_it/,0.0,1,24,25,0.0,0.1945,0.1945,True,0.0,-0.0032,0.0,0.4883,0.0,0.0201,True,ok
1pf2id0,Bitcoin,0,https://reddit.com/r/Bitcoin/comments/1pf2id0/got_to_01/,0.0,1,26,27,0.0,0.2756,0.2756,True,0.0,-0.0025,0.0,0.39,0.0,-0.1626,True,ok
1pea9yo,comfyui,0,https://reddit.com/r/comfyui/comments/1pea9yo/we_got_it_back/,0.4588,1,23,24,0.4588,0.1465,0.3123,False,0.0,-0.0077,0.0,0.5203,0.0,-0.1144,True,ok
1s1l8mf,Ubiquiti,0,https://reddit.com/r/Ubiquiti/comments/1s1l8mf/got_mine_in_go_get_it/,0.0,3,9,12,0.3083,0.447,0.1387,True,-0.4625,-0.0015,0.4625,0.5347,0.0,-0.1166,True,ok
1ori6i0,transformers,0,https://reddit.com/r/transformers/comments/1ori6i0/no_one_gets_by_the_constructicons/,-0.4724,1,3,4,-0.4724,0.31,0.7824,True,0.0,-0.1038,0.0,0.465,0.0,0.0,True,ok
1qkbfoa,transformers,0,https://reddit.com/r/transformers/comments/1qkbfoa/thought_id_show_off_this_bad_boy/,-0.628,3,9,12,0.6982,0.2418,0.4564,False,0.1062,-0.0442,0.2356,0.5523,0.0,-0.1344,True,ok
1pfc58t,comfyui,1,https://reddit.com/r/comfyui/comments/1pfc58t/anyone_know_which_node_pack_i_need_to_update_to/,-0.3346,2,3,5,0.1434,-0.2269,0.3703,False,1.2813,-0.3404,1.2813,0.3404,0.0,0.0,True,ok
1pputon,neovim,0,https://reddit.com/r/neovim/comments/1pputon/mininvim_release_0170_command_line_tweaks/,0.3182,4,10,14,0.3193,0.4813,0.162,True,-0.246,-0.0459,0.774,0.5005,-0.1954,-0.1396,True,ok
1o1kd6r,comfyui,0,https://reddit.com/r/comfyui/comments/1o1kd6r/i_got_tired_of_my_comfyui_breaking_every_time_i/,-0.4404,1,3,4,0.9973,0.2742,0.7231,False,0.0,0.4113,0.0,0.4113,0.0,0.0,True,ok
1nwzkdu,transformers,0,https://reddit.com/r/transformers/comments/1nwzkdu/action_edition_tfo_optimus_prime_is_the_best/,0.6369,10,20,30,0.396,0.3725,0.0235,False,0.0194,0.0129,0.6088,0.5471,0.2604,0.1448,True,ok
1r47tei,applehelp,0,https://reddit.com/r/applehelp/comments/1r47tei/is_it_bad_or_good/,-0.1531,1,4,5,-0.1531,0.1025,0.2556,True,0.0,0.2009,0.0,0.2232,0.0,0.3349,True,ok
1o1hx82,neovim,0,https://reddit.com/r/neovim/comments/1o1hx82/nvim_feedkeys_does_not_work_while_running_in_a/,0.0,2,3,5,0.5828,0.5084,0.0745,False,-0.7169,-0.0778,0.7169,0.0861,0.0,0.0,True,ok
1qixw2f,transformers,0,https://reddit.com/r/transformers/comments/1qixw2f/just_got_legacy_bulkhead_and_even_if_he_doesnt/,0.7133,2,9,11,0.6285,0.269,0.3596,False,0.2525,-0.0152,0.2525,0.7053,0.0,-0.1338,True,ok
1p9t2b3,transformers,1,https://reddit.com/r/transformers/comments/1p9t2b3/haul_from_comiccon_today_but_i_cant_transform/,-0.8201,3,12,15,0.231,0.4932,0.2622,True,0.7455,0.0516,0.8283,0.3884,0.0,0.2816,True,ok
1palm3k,cachyos,0,https://reddit.com/r/cachyos/comments/1palm3k/my_empty_desktop/,0.1779,3,4,7,0.1085,0.2063,0.0978,True,-0.264,-0.3117,0.4663,0.5023,0.0,-0.7738,True,ok
1nw9rwz,MacOS,0,https://reddit.com/r/MacOS/comments/1nw9rwz/switching_to_m_series/,0.0,1,3,4,0.5589,0.7777,0.2188,True,0.0,0.0882,0.0,0.2202,0.0,0.0,True,ok
1ovjvjg,Bitcoin,0,https://reddit.com/r/Bitcoin/comments/1ovjvjg/true_words/,0.4215,2,4,6,0.3532,0.1971,0.1561,False,0.8095,0.2365,0.8095,0.2627,0.0,0.3941,True,ok
1nwz394,rustdesk,0,https://reddit.com/r/rustdesk/comments/1nwz394/rede_do_rustdesk_offline/,-0.128,1,3,4,-0.128,0.3546,0.4826,True,0.0,0.4429,0.0,0.4429,0.0,0.0,True,ok
1s2a2y7,homeassistant,0,https://reddit.com/r/homeassistant/comments/1s2a2y7/fcc_updates_covered_list_to_include_foreignmade/,0.0,1,13,14,0.3034,0.3537,0.0503,True,0.0,0.0187,0.0,0.5246,0.0,0.08,True,ok
1nqptsb,immich,1,https://reddit.com/r/immich/comments/1nqptsb/failed_to_deploy/,-0.5106,2,2,4,0.0,0.7157,0.7157,True,0.0,0.112,0.0,0.112,0.0,0.0,True,ok
1op270d,Bitcoin,0,https://reddit.com/r/Bitcoin/comments/1op270d/true_story/,0.4215,1,2,3,0.121,0.0,0.121,False,0.0,0.0,0.0,0.0,0.0,0.0,True,ok
1pib08s,Bitcoin,0,https://reddit.com/r/Bitcoin/comments/1pib08s/whats_going_on/,0.0,1,189,190,0.0,0.0766,0.0766,True,0.0,0.0003,0.0,0.29,0.0,-0.01,True,ok
1qkh7e8,Bitcoin,0,https://reddit.com/r/Bitcoin/comments/1qkh7e8/im_going_all_in/,0.0,10,75,85,0.1268,0.1254,0.0015,False,-0.0616,0.0015,0.4827,0.3856,-0.487,0.0673,True,ok
1p7i0la,Bitcoin,0,https://reddit.com/r/Bitcoin/comments/1p7i0la/bitcoin_is_going_up_i_am_euphoric/,0.6369,1,20,21,0.6369,0.0798,0.5571,False,0.0,0.0014,0.0,0.3943,0.0,-0.0929,True,ok
1pjd02r,Bitcoin,0,https://reddit.com/r/Bitcoin/comments/1pjd02r/fed_goes_brrrrrrrrrrr_again/,0.0,1,6,7,0.1779,-0.0143,0.1922,False,0.0,-0.0145,0.0,0.5916,0.0,0.3222,True,ok
1p0od9s,github,0,https://reddit.com/r/github/comments/1p0od9s/whats_going_on/,0.0,1,3,4,0.0,-0.4112,0.4112,False,0.0,-0.2009,0.0,0.6307,0.0,0.0,True,ok
1nv5675,tailwindcss,0,https://reddit.com/r/tailwindcss/comments/1nv5675/tailwind_bento_design/,0.0,2,11,13,0.1179,0.0552,0.0627,False,1.4371,0.058,1.4371,0.3031,0.0,0.2258,True,ok
1ntnu85,MacOS,0,https://reddit.com/r/MacOS/comments/1ntnu85/macos_tahoe_2601_released/,0.0,5,77,82,-0.0526,0.0461,0.0987,True,-0.068,-0.0031,0.1236,0.4872,-0.0876,-0.0658,True,ok
1nznnb8,comfyui,0,https://reddit.com/r/comfyui/comments/1nznnb8/qwen_image_edit_giving_weird_results_untuck_this/,0.5093,5,5,10,-0.0627,-0.0166,0.0461,True,-0.3447,0.0927,0.3931,0.1158,-0.8468,0.2,True,ok
1pp1ivu,Android,1,https://reddit.com/r/Android/comments/1pp1ivu/android_is_fixing_the_most_annoying_part_of/,-0.4576,1,36,37,-0.4576,0.2091,0.6667,True,0.0,0.0045,0.0,0.5321,0.0,0.0996,True,ok
1nwclik,MacOS,0,https://reddit.com/r/MacOS/comments/1nwclik/my_tahoe_isnt_tahoeing/,0.0,3,3,6,0.0911,0.1805,0.0894,True,0.1366,0.0505,0.1366,0.3899,0.0,0.0,True,ok
1p7su0a,Android,0,https://reddit.com/r/Android/comments/1p7su0a/official_oxygenos_16_rollout_schedule/,0.0,1,5,6,0.0,0.4266,0.4266,True,0.0,0.0587,0.0,0.3636,0.0,0.1358,True,ok
1p70hmg,Bitcoin,0,https://reddit.com/r/Bitcoin/comments/1p70hmg/bitcoin_obviously_has_bad_advisors/,-0.5423,2,2,4,0.2009,0.0643,0.1366,False,-0.4019,-0.6751,0.4019,0.6751,0.0,0.0,True,ok
1npknf4,transformers,0,https://reddit.com/r/transformers/comments/1npknf4/here_is_the_full_roster_of_true_leaks/,0.4215,32,167,199,0.0495,0.0869,0.0374,True,-0.0017,-0.0005,0.1516,0.4639,-0.0251,-0.0071,True,ok
1s2k6ov,rust,0,https://reddit.com/r/rust/comments/1s2k6ov/fyrox_game_engine_100_after_7_years_in/,0.3595,7,33,40,0.5543,0.5775,0.0232,True,-0.0059,-0.0029,0.2375,0.3259,-0.0499,-0.0663,True,ok
1nw5x83,transformers,0,https://reddit.com/r/transformers/comments/1nw5x83/transformers_retro_g1_seaspray/,0.4824,3,3,6,0.1525,0.7194,0.567,True,-0.2287,-0.1503,0.2287,0.1503,0.0,0.0,True,ok
1nqjtia,Supabase,0,https://reddit.com/r/Supabase/comments/1nqjtia/can_i_use_any_trigger_to_call_an_edge_function/,0.0,2,2,4,0.8524,0.5819,0.2705,False,0.0598,-0.6174,0.0598,0.6174,0.0,0.0,True,ok
1pddpxr,transformers,0,https://reddit.com/r/transformers/comments/1pddpxr/wnw_lunch_break_score_found_at_a_local_comic_shop/,0.0,2,5,7,0.1633,0.5689,0.4056,True,-1.0406,-0.0015,1.0406,0.1039,0.0,-0.0608,True,ok
1r1trqp,Bitcoin,0,https://reddit.com/r/Bitcoin/comments/1r1trqp/the_bear_will_break_60k_but_do_not_fear_itll_give/,0.5334,1,20,21,0.5334,0.0188,0.5145,False,0.0,-0.0031,0.0,0.514,0.0,0.0624,True,ok
1np7ve4,neovim,1,https://reddit.com/r/neovim/comments/1np7ve4/autocommand_doesnt_work/,0.0,1,3,4,0.1154,0.2532,0.1378,True,0.0,-0.2787,0.0,0.2787,0.0,0.0,True,ok
1nmyt5v,LangChain,0,https://reddit.com/r/LangChain/comments/1nmyt5v/remote_help_me_build_a_fintech_chatbot/,0.4019,1,3,4,0.4019,0.3231,0.0788,False,0.0,0.4847,0.0,0.4847,0.0,0.0,True,ok
1p0gc65,Bitcoin,0,https://reddit.com/r/Bitcoin/comments/1p0gc65/my_turn/,0.0,2,14,16,0.2842,0.0045,0.2797,False,-0.3124,0.018,0.3124,0.2898,0.0,0.0936,True,ok
1ovbmfw,transformers,0,https://reddit.com/r/transformers/comments/1ovbmfw/do_you_think_well_actually_see_him_spoilers_for/,0.0,1,53,54,0.0,0.138,0.138,True,0.0,-0.0021,0.0,0.4713,0.0,0.0157,True,ok
1qgkj0n,union,0,https://reddit.com/r/union/comments/1qgkj0n/joe_burns_a_us_union_veteran_thinks_unions_should/,0.0,5,38,43,-0.069,0.0001,0.0691,True,-0.0397,-0.0048,0.3841,0.6925,0.0333,-0.1824,True,ok
1q0ekha,java,0,https://reddit.com/r/java/comments/1q0ekha/explaining_memory_barriers_and_javas_happens/,0.0,1,2,3,0.4404,0.7375,0.2971,True,0.0,-0.2697,0.0,0.2697,0.0,0.0,True,ok
1py4066,ios,0,https://reddit.com/r/ios/comments/1py4066/there_should_be_an_option_to_show_local_time_in/,0.0,2,27,29,0.085,0.3474,0.2624,True,-1.1234,0.0004,1.1234,0.4441,0.0,-0.0406,True,ok
1nut4z8,PHP,0,https://reddit.com/r/PHP/comments/1nut4z8/carapace_20_frameworkagnostic_dtos/,0.0,1,4,5,0.9657,0.8489,0.1168,False,0.0,0.0814,0.0,0.1389,0.0,0.1149,True,ok
1q521p0,transformers,0,https://reddit.com/r/transformers/comments/1q521p0/optimus_primaris_20/,0.0,1,4,5,-0.1759,0.1816,0.3575,True,0.0,0.0726,0.0,0.4842,0.0,0.3631,True,ok
1pbp7rl,rust,0,https://reddit.com/r/rust/comments/1pbp7rl/advent_of_code_2025_solution_for_day_1/,0.3182,2,1,3,0.5568,0.0,0.5568,False,0.5216,0.0,0.5216,0.0,0.0,0.0,True,ok
1s0kmpz,embedded,0,https://reddit.com/r/embedded/comments/1s0kmpz/we_will_be_forced_to_have_to_2_versions_of_cubemx/,-0.4588,2,21,23,0.0546,0.2533,0.1987,True,-1.0626,0.0266,1.0626,0.615,0.0,0.3104,True,ok
1qp0b64,Wordpress,0,https://reddit.com/r/Wordpress/comments/1qp0b64/my_website_looks_like_this_when_i_visit_it_i_dont/,0.1901,1,6,7,0.1901,0.0581,0.132,False,0.0,0.0624,0.0,0.6865,0.0,-0.2192,True,ok
1nxiq9t,kubernetes,0,https://reddit.com/r/kubernetes/comments/1nxiq9t/question_how_to_transfer_information_from_one/,0.3089,2,6,8,0.6344,-0.1215,0.7559,False,-0.6768,-0.163,0.6768,0.4515,0.0,-0.4123,True,ok
1ntjtzi,chrome,0,https://reddit.com/r/chrome/comments/1ntjtzi/chrome_on_ios_26_better_than_safari/,0.4404,2,3,5,0.5426,0.2458,0.2968,False,-0.2044,-0.4819,0.2044,0.7081,0.0,0.0,True,ok
1r2ja6e,linux,0,https://reddit.com/r/linux/comments/1r2ja6e/mesa_260_brings_ray_tracing_updates_for_amd/,0.0,1,3,4,0.0,0.0452,0.0452,True,0.0,-0.7681,0.0,0.7681,0.0,0.0,True,ok
1noj60v,Bitcoin,0,https://reddit.com/r/Bitcoin/comments/1noj60v/i_was_about_to_reset_an_older_phone_and_there_was/,0.0,4,17,21,0.1674,0.1814,0.014,True,0.3225,0.0112,0.602,0.3786,0.8635,0.107,True,ok
1q2oas1,Bitcoin,0,https://reddit.com/r/Bitcoin/comments/1q2oas1/never_too_late_to_start_your_savings_in_bitcoin/,0.0,1,11,12,0.0,0.2969,0.2969,True,0.0,0.0559,0.0,0.6113,0.0,0.0986,True,ok
1pb0n21,chrome,1,https://reddit.com/r/chrome/comments/1pb0n21/keep_for_now_button_not_working_cant_reenable/,0.0,1,2,3,0.9456,0.2435,0.7021,False,0.0,-1.4404,0.0,1.4404,0.0,0.0,True,ok
1pebeih,Bitcoin,0,https://reddit.com/r/Bitcoin/comments/1pebeih/we_have_no_idea_how_bad_things_have_really_gotten/,-0.6908,1,63,64,-0.6908,0.0754,0.7662,True,0.0,-0.0003,0.0,0.4956,0.0,-0.0141,True,ok
1nqu3ag,typescript,1,https://reddit.com/r/typescript/comments/1nqu3ag/pipetype_typescript_unions_javascript_bitwise/,-0.0772,1,4,5,-0.1695,0.5947,0.7642,True,0.0,0.1559,0.0,0.5094,0.0,0.5524,True,ok
1nuhb2n,firefox,1,https://reddit.com/r/firefox/comments/1nuhb2n/ctrl_tab_not_working/,0.0,2,3,5,0.3722,-0.1858,0.558,False,-0.9498,-0.2787,0.9498,0.2787,0.0,0.0,True,ok
1r3x2hb,anime,1,https://reddit.com/r/anime/comments/1r3x2hb/a_double_victorychivalry_of_a_failed_knight/,-0.5106,1,19,20,-0.5106,0.0937,0.6043,True,0.0,-0.0295,0.0,0.5197,0.0,-0.1928,True,ok
1r69zno,Android,0,https://reddit.com/r/Android/comments/1r69zno/snapdragonpowered_galaxy_s26_ultra_smashes/,0.0,1,39,40,0.0,0.0894,0.0894,True,0.0,0.0063,0.0,0.3831,0.0,0.1457,True,ok
1njsd5y,Syncthing,1,https://reddit.com/r/Syncthing/comments/1njsd5y/three_way_three_device_sync_any_issues_to_be_wary/,0.0,2,3,5,0.5089,0.4944,0.0144,False,0.3829,0.5793,0.3829,0.6335,0.0,0.0,True,ok
1nxhm28,neovim,0,https://reddit.com/r/neovim/comments/1nxhm28/need_help_with_diagnostic_floating_window/,0.4019,3,4,7,0.3124,0.1325,0.1799,False,0.2351,0.0274,0.2703,0.2679,0.0,0.1369,True,ok
1ns2nv7,Wordpress,0,https://reddit.com/r/Wordpress/comments/1ns2nv7/permalink_rewrites_stop_working/,-0.296,2,2,4,0.273,-0.0341,0.3071,False,0.1764,0.5682,0.1764,0.5682,0.0,0.0,True,ok
1nyuw70,tailwindcss,0,https://reddit.com/r/tailwindcss/comments/1nyuw70/did_something_break_with_the_most_recent_daisy_ui/,0.0,2,4,6,-0.1305,-0.2688,0.1383,False,0.261,-0.0122,0.261,0.3989,0.0,-0.0609,True,ok
1qone71,chrome,0,https://reddit.com/r/chrome/comments/1qone71/this_past_week_whenever_i_am_afk_for_a_while/,0.6369,1,2,3,0.6209,0.6624,0.0415,True,0.0,-0.6025,0.0,0.6025,0.0,0.0,True,ok
1p7y4ac,Bitcoin,1,https://reddit.com/r/Bitcoin/comments/1p7y4ac/cant_believe_he_got_it_all_wrong/,-0.4767,1,6,7,-0.4767,0.3822,0.8589,True,0.0,-0.0224,0.0,0.4991,0.0,-0.3831,True,ok
1qofgg2,linux,0,https://reddit.com/r/linux/comments/1qofgg2/xfwl4_the_roadmap_for_a_xfce_wayland_compositor/,0.0,1,8,9,0.0,0.0933,0.0933,True,0.0,0.0433,0.0,1.063,0.0,0.4433,True,ok
1of2cig,Android,0,https://reddit.com/r/Android/comments/1of2cig/snapdragon_6s_gen_4_announced_with_updated_cpu/,0.4019,1,9,10,0.4019,-0.0025,0.4044,False,0.0,-0.1424,0.0,0.3537,0.0,-0.5584,True,ok
1pzq59v,godot,1,https://reddit.com/r/godot/comments/1pzq59v/do_u_have_opinion_on_if_parent_node_should_handle/,-0.4767,1,78,79,0.0,0.3006,0.3006,True,0.0,-0.0004,0.0,0.462,0.0,-0.0889,True,ok
1qi2gw3,Bitcoin,0,https://reddit.com/r/Bitcoin/comments/1qi2gw3/what_happened/,0.0,1,38,39,0.0,-0.0589,0.0589,False,0.0,-0.0013,0.0,0.2901,0.0,-0.0435,True,ok
1oiwr33,immich,0,https://reddit.com/r/immich/comments/1oiwr33/what_is_happen/,0.0,2,11,13,0.0,-0.0068,0.0068,False,0.0,-0.0348,0.0,0.4896,0.0,-0.0967,True,ok
1p1t93s,immich,1,https://reddit.com/r/immich/comments/1p1t93s/this_was_driving_me_crazy_i_have_2_servers_that/,-0.7959,4,46,50,-0.1496,0.0166,0.1662,True,-0.1795,-0.0029,0.1995,0.5151,-0.2992,-0.0125,True,ok
1r2gc0k,vscode,0,https://reddit.com/r/vscode/comments/1r2gc0k/my_heart_breaks_everytime_i_see_this/,0.6369,1,26,27,0.6369,-0.0211,0.658,False,0.0,0.0034,0.0,0.4214,0.0,-0.0852,True,ok
1q1n7ln,MicrosoftEdge,0,https://reddit.com/r/MicrosoftEdge/comments/1q1n7ln/microsoft_edge_keeps_on_opening_tons_of_tabs_or/,-0.2382,2,3,5,0.1366,0.5469,0.4103,True,-0.2732,0.0457,0.2732,0.1692,0.0,0.0,True,ok
1nip2zh,Deno,0,https://reddit.com/r/Deno/comments/1nip2zh/sneak_preview_at_the_upcoming_release_of_deno/,0.0,1,5,6,0.0,-0.0267,0.0267,False,0.0,0.086,0.0,0.4064,0.0,-0.0445,True,ok
1s11al2,google,0,https://reddit.com/r/google/comments/1s11al2/bro_i_didnt_search_this/,-0.4767,2,4,6,-0.0513,0.1552,0.2066,True,-0.1027,0.077,0.1027,0.298,0.0,0.0373,True,ok
1p6tr4c,Android,0,https://reddit.com/r/Android/comments/1p6tr4c/motorola_edge_70_review_gsmarena/,0.0,1,9,10,0.0,0.4506,0.4506,True,0.0,-0.0147,0.0,0.3376,0.0,-0.3408,True,ok
1qricoq,transformers,0,https://reddit.com/r/transformers/comments/1qricoq/nexus_prime_becomes_a_torso_for_other_combiners/,0.0,6,66,72,0.0131,0.012,0.0011,False,-0.0058,-0.0077,0.4034,0.577,-0.0262,-0.2288,True,ok
1nuto07,enterprise,0,https://reddit.com/r/enterprise/comments/1nuto07/archer_the_only_one_to_never_violate_the_prime/,0.3875,1,78,79,0.3875,0.1469,0.2406,False,0.0,-0.0002,0.0,0.4996,0.0,-0.0311,True,ok
1qjawtf,transformers,0,https://reddit.com/r/transformers/comments/1qjawtf/prime_but_with_a_mustache/,0.0,1,65,66,0.0,0.1425,0.1425,True,0.0,0.0014,0.0,0.2803,0.0,-0.011,True,ok
1rlshhw,transformers,0,https://reddit.com/r/transformers/comments/1rlshhw/prima_prime_with_an_amalgamous_jetpackback_cannons/,0.0,1,18,19,0.0,0.1708,0.1708,True,0.0,0.0251,0.0,0.6019,0.0,0.2138,True,ok
1o07gac,transformers,0,https://reddit.com/r/transformers/comments/1o07gac/thats_just_prime/,0.0,3,22,25,0.2337,0.2357,0.002,True,-0.0106,0.0122,0.3506,0.4411,0.0,0.1072,True,ok
1p9j5n0,transformers,0,https://reddit.com/r/transformers/comments/1p9j5n0/nothing_but_aisles_of_those_godforsaken_rc/,0.0,2,24,26,0.0,0.0457,0.0457,True,0.0,-0.0179,0.0,0.491,0.0,-0.1568,True,ok
1orjw84,transformers,0,https://reddit.com/r/transformers/comments/1orjw84/lego_bayverse_optimus_prime/,0.0,6,13,19,0.5353,0.4764,0.059,False,0.0538,-0.0095,0.136,0.3138,0.2185,0.0886,True,ok
1ox8dcn,transformers,0,https://reddit.com/r/transformers/comments/1ox8dcn/well_thats_just_prime/,0.2732,1,14,15,0.2732,0.2822,0.009,True,0.0,-0.0365,0.0,0.3502,0.0,-0.1608,True,ok
1qhj11g,transformers,0,https://reddit.com/r/transformers/comments/1qhj11g/for_optimus_prime/,0.0,3,8,11,0.4726,0.2567,0.2159,False,-0.4475,-0.0146,0.4475,0.4929,0.0,0.0141,True,ok
1rukwdn,transformers,0,https://reddit.com/r/transformers/comments/1rukwdn/the_masterpiece_optimus_prime_trinity/,0.6249,1,5,6,0.4404,0.3839,0.0565,False,0.0,-0.0931,0.0,0.5907,0.0,-0.386,True,ok
1qs1plt,transformers,0,https://reddit.com/r/transformers/comments/1qs1plt/nemesis_optimus_prime_acquired/,0.3612,1,3,4,0.7713,0.1207,0.6506,False,0.0,-0.5446,0.0,0.5446,0.0,0.0,True,ok
1rvkqkh,transformers,0,https://reddit.com/r/transformers/comments/1rvkqkh/amma_fahren_mah_lehzah_prime/,0.0,1,3,4,0.0,0.2297,0.2297,True,0.0,-0.2888,0.0,0.2888,0.0,0.0,True,ok
1oq701o,transformers,0,https://reddit.com/r/transformers/comments/1oq701o/the_first_prime/,0.0,1,2,3,0.0,0.3185,0.3185,True,0.0,-0.6369,0.0,0.6369,0.0,0.0,True,ok
1ow2abx,Android,1,https://reddit.com/r/Android/comments/1ow2abx/lenovo_says_upcoming_android_pcs_will_have/,-0.5984,1,16,17,-0.5984,0.2743,0.8727,True,0.0,0.0321,0.0,0.5243,0.0,0.3285,True,ok
1qo2w0x,chrome,0,https://reddit.com/r/chrome/comments/1qo2w0x/how_to_remove_this_screenshot_copy_drop_files/,-0.2732,1,2,3,0.4199,0.4819,0.062,True,0.0,-0.9637,0.0,0.9637,0.0,0.0,True,ok
1ow7vxi,Bitcoin,0,https://reddit.com/r/Bitcoin/comments/1ow7vxi/just_broke_100k_good_time_to_buy/,0.1007,1,63,64,0.4926,0.0483,0.4443,False,0.0,-0.0,0.0,0.4753,0.0,0.0245,True,ok
1p2r5sf,PHP,0,https://reddit.com/r/PHP/comments/1p2r5sf/partial_function_application_vote_just_started/,0.0,1,21,22,0.7264,0.2568,0.4696,False,0.0,0.0374,0.0,0.5529,0.0,0.2764,True,ok
1nkoul4,rustdesk,1,https://reddit.com/r/rustdesk/comments/1nkoul4/rustdesk_fails_to_connect/,-0.4215,2,2,4,0.779,0.2294,0.5495,False,-0.0568,0.9589,0.0568,0.9589,0.0,0.0,True,ok
1q37ef7,chrome,1,https://reddit.com/r/chrome/comments/1q37ef7/any_chance_chrome_will_finally_fix_their_dark/,0.3164,2,3,5,0.25,0.4239,0.1739,True,0.5,-0.1955,0.5,0.6359,0.0,0.0,True,ok
1nzzwvd,Android,0,https://reddit.com/r/Android/comments/1nzzwvd/the_supreme_court_didnt_save_google_from_epic_and/,0.7783,1,50,51,0.7783,0.0003,0.778,False,0.0,-0.0057,0.0,0.5488,0.0,-0.1629,True,ok
1petmp0,transformers,0,https://reddit.com/r/transformers/comments/1petmp0/thought_i_was_going_to_stop_at_soundwave/,-0.0772,4,6,10,0.3928,-0.0249,0.4177,False,-0.2865,0.118,0.4007,0.8984,-0.7855,0.178,True,ok
1nnp9dj,Wordpress,0,https://reddit.com/r/Wordpress/comments/1nnp9dj/elementor_layout_breaks_out_of_the_blue/,0.0,2,10,12,-0.2195,-0.1572,0.0623,True,-1.0309,0.0172,1.0309,0.7161,0.0,0.052,True,ok
1nu697z,vscode,0,https://reddit.com/r/vscode/comments/1nu697z/rich_printing_different_colors_depending_on_if_im/,0.5574,2,8,10,0.4402,0.0196,0.4207,False,-0.4278,0.0596,0.4278,0.1173,0.0,0.1734,True,ok
1pcit5m,chrome,0,https://reddit.com/r/chrome/comments/1pcit5m/how_do_i_make_this_ask_google_button_never_show/,0.0,3,4,7,-0.3461,0.2409,0.587,True,-0.4768,-0.2891,0.4768,0.3212,0.0,-0.4819,True,ok
1nsp6at,chrome,0,https://reddit.com/r/chrome/comments/1nsp6at/suspicious_chrome_app_notifications_on_iphone/,-0.3612,1,2,3,0.6124,0.4199,0.1925,False,0.0,-1.0875,0.0,1.0875,0.0,0.0,True,ok
1o15qph,neovim,0,https://reddit.com/r/neovim/comments/1o15qph/is_it_possible_to_limit_the/,0.0,1,9,10,0.0,0.2023,0.2023,True,0.0,-0.0416,0.0,0.4,0.0,-0.4168,True,ok
1orep9e,chrome,0,https://reddit.com/r/chrome/comments/1orep9e/what_is_the_best_adblocker_for_chrome_right_now/,0.6369,1,8,9,0.6369,0.2145,0.4224,False,0.0,0.0408,0.0,0.3186,0.0,0.0569,True,ok
1pprjyf,Bitcoin,0,https://reddit.com/r/Bitcoin/comments/1pprjyf/if_you_dont_believe_me_or_dont_get_it_i_dont_have/,0.25,1,29,30,-0.2263,0.1593,0.3856,True,0.0,-0.007,0.0,0.5379,0.0,-0.1127,True,ok
1pd252e,Bitcoin,0,https://reddit.com/r/Bitcoin/comments/1pd252e/if_you_dont_believe_me_or_dont_get_it_i_dont_have/,0.1779,1,3,4,0.1779,0.3508,0.1729,True,0.0,0.3982,0.0,0.5262,0.0,0.0,True,ok
1ozmsya,Bitcoin,0,https://reddit.com/r/Bitcoin/comments/1ozmsya/lol/,0.4215,1,168,169,0.4215,0.0835,0.338,False,0.0,-0.0002,0.0,0.394,0.0,0.0254,True,ok
1qjvmr5,Bitcoin,0,https://reddit.com/r/Bitcoin/comments/1qjvmr5/lol/,0.4215,1,20,21,0.4215,0.0531,0.3684,False,0.0,0.0177,0.0,0.3374,0.0,0.1923,True,ok
1qh5yro,Bitcoin,0,https://reddit.com/r/Bitcoin/comments/1qh5yro/lol/,0.4215,1,17,18,0.8225,0.0273,0.7952,False,0.0,-0.0081,0.0,0.3941,0.0,0.1028,True,ok
1qja079,anime,0,https://reddit.com/r/anime/comments/1qja079/lol_whut_tamons_bside/,0.5473,1,10,11,0.5473,0.3199,0.2274,False,0.0,0.0202,0.0,0.524,0.0,0.304,True,ok
1pqrraz,Bitcoin,0,https://reddit.com/r/Bitcoin/comments/1pqrraz/lol/,0.4215,1,3,4,0.4215,0.14,0.2815,False,0.0,0.0,0.0,0.4201,0.0,0.0,True,ok
1qeuyn4,linux,1,https://reddit.com/r/linux/comments/1qeuyn4/curl_to_discontinue_its_hackerone_bug_bounty_due/,-0.6705,1,39,40,0.0,-0.1237,0.1237,False,0.0,-0.0021,0.0,0.8435,0.0,0.1345,True,ok
1phadn8,Android,0,https://reddit.com/r/Android/comments/1phadn8/breaking_samsung_kicks_off_one_ui_85_beta_program/,0.0,8,43,51,0.0004,0.0574,0.057,True,0.0104,-0.0039,0.1921,0.5257,0.1487,-0.0556,True,ok
1nxeyty,chrome,0,https://reddit.com/r/chrome/comments/1nxeyty/being_prompted_for_a_capcha_on_my_pc_chrome_every/,0.0,2,3,5,0.0104,0.2619,0.2515,True,1.3298,-0.4819,1.3298,0.6597,0.0,0.0,True,ok
1pakz3x,transformers,0,https://reddit.com/r/transformers/comments/1pakz3x/right_now_modesto_camchenry/,0.0,10,27,37,0.0028,0.0061,0.0033,True,-0.0632,-0.0122,0.2724,0.4287,-0.3729,-0.1545,True,ok
1nt4jih,transformers,0,https://reddit.com/r/transformers/comments/1nt4jih/this_just_seems_right/,0.0,5,36,41,0.1256,0.1111,0.0145,False,-0.0804,-0.0011,0.2136,0.5597,-0.1255,0.012,True,ok
1pzv0cf,Bitcoin,0,https://reddit.com/r/Bitcoin/comments/1pzv0cf/right/,0.0,3,24,27,0.285,0.0554,0.2296,False,0.0663,0.0076,0.4275,0.4555,0.0,-0.0477,True,ok
1p0e7op,transformers,0,https://reddit.com/r/transformers/comments/1p0e7op/exterminateion_is_the_right_of_all_sentient_beings/,0.0,1,14,15,0.0,0.0333,0.0333,True,0.0,0.0213,0.0,0.4581,0.0,0.0602,True,ok
1p03z2m,Bitcoin,0,https://reddit.com/r/Bitcoin/comments/1p03z2m/bitcoin_right_now/,0.0,1,11,12,0.0,0.2111,0.2111,True,0.0,-0.0364,0.0,0.7136,0.0,-0.0991,True,ok
1p28pnv,Bitcoin,0,https://reddit.com/r/Bitcoin/comments/1p28pnv/me_right_now/,0.0,1,3,4,0.0,0.3607,0.3607,True,0.0,-0.2107,0.0,0.4497,0.0,0.0,True,ok
1ox9zpa,transformers,0,https://reddit.com/r/transformers/comments/1ox9zpa/so_hasbro_sent_me_my_omega_prime_replacement/,0.4215,3,21,24,0.1204,0.0812,0.0392,False,-0.1806,-0.009,0.1806,0.4236,0.0,-0.076,True,ok
1puxanw,transformers,0,https://reddit.com/r/transformers/comments/1puxanw/friend_lost_interest_in_transformers_and_started/,0.796,2,10,12,-0.4255,0.3706,0.7961,True,0.1023,-0.084,0.1023,0.6203,0.0,-0.4792,True,ok
1oq5n9g,Bitcoin,0,https://reddit.com/r/Bitcoin/comments/1oq5n9g/christmas_discount_starting/,0.0,1,13,14,0.0,0.1557,0.1557,True,0.0,0.0143,0.0,0.4128,0.0,0.0151,True,ok
1s1590l,Ubiquiti,0,https://reddit.com/r/Ubiquiti/comments/1s1590l/current_rack_setup_26/,0.0,3,15,18,0.1525,0.3868,0.2344,True,-0.2287,-0.0504,0.2287,0.5425,0.0,-0.2686,True,ok
1nzslca,MicrosoftEdge,0,https://reddit.com/r/MicrosoftEdge/comments/1nzslca/print_to_pdf_no_longer_works_in_headless_mode/,-0.296,1,7,8,0.0,0.2259,0.2259,True,0.0,0.0474,0.0,0.531,0.0,0.552,True,ok
1otmljx,transformers,0,https://reddit.com/r/transformers/comments/1otmljx/out_of_these_twowhich_tf_prime_bumblebee_figure/,0.4404,1,40,41,0.0,0.214,0.214,True,0.0,-0.007,0.0,0.4332,0.0,-0.2305,True,ok
1qqvc44,union,0,https://reddit.com/r/union/comments/1qqvc44/wga_staff_authorizes_a_strike_accuses_guild/,-0.5574,1,4,5,-0.5574,-0.0574,0.5,True,0.0,0.0312,0.0,1.0611,0.0,0.1948,True,ok
1qox66j,Bitcoin,0,https://reddit.com/r/Bitcoin/comments/1qox66j/this_man_filmed_the_reaction_to_bitcoin_breaking/,0.0,1,65,66,0.0,0.1328,0.1328,True,0.0,0.0013,0.0,0.3834,0.0,0.0358,True,ok
1r3ylgv,anime,0,https://reddit.com/r/anime/comments/1r3ylgv/ranime_awards_2025_public_voting_group_3_main/,0.4588,1,7,8,0.9685,0.692,0.2765,False,0.0,0.0419,0.0,0.4047,0.0,-0.1156,True,ok
1pqdgky,transformers,0,https://reddit.com/r/transformers/comments/1pqdgky/battlestar_ultra_magnus_and_micromaster_minimus/,0.0,1,11,12,0.0,0.1959,0.1959,True,0.0,0.0292,0.0,0.2896,0.0,-0.0178,True,ok
1rmcwf6,transformers,0,https://reddit.com/r/transformers/comments/1rmcwf6/animated_ultra_magnus_and_blurr/,0.0,1,5,6,0.0,0.6127,0.6127,True,0.0,-0.14,0.0,0.3809,0.0,-0.266,True,ok
